,id,date,price,bedrooms,bathrooms,sqft_living,sqft_lot,floors,waterfront,view,condition,grade,yr_built,zipcode,lat,long,renovated_post2000,has_basement
21,2524049179,8/26/2014,2000000.0,3,3,3050,44867,1,0.0,4.0,3,9,1950_to_1975,98040,47.5316,-122.23299999999999,0,1
49,822039084,3/11/2015,1350000.0,3,2,2753,65005,1,1.0,2.0,5,9,1950_to_1975,98070,47.4041,-122.45100000000001,0,1
69,1802000060,6/12/2014,1330000.0,5,2,3200,20158,1,0.0,0.0,3,8,1950_to_1975,98004,47.6303,-122.215,0,1
125,4389200955,3/2/2015,1450000.0,4,3,2750,17789,2,0.0,0.0,3,8,pre1950,98004,47.6141,-122.212,0,1
153,7855801670,4/1/2015,2250000.0,4,3,5180,19850,2,0.0,3.0,3,12,1997_to_2015,98006,47.562,-122.162,0,1
216,46100204,2/21/2015,1510000.0,5,3,3300,33474,1,0.0,3.0,3,9,1950_to_1975,98040,47.5673,-122.21,0,1
246,2025069065,9/29/2014,2400000.0,4,2,3650,8354,1,1.0,4.0,3,9,1997_to_2015,98074,47.6338,-122.072,0,1
269,7960900060,5/4/2015,2900000.0,4,3,5050,20100,2,0.0,2.0,3,11,1975_to_1997,98004,47.6312,-122.223,0,1
270,4054500390,10/7/2014,1370000.0,4,5,5310,57346,2,0.0,0.0,4,11,1975_to_1997,98077,47.7285,-122.042,0,0
282,7424700045,5/13/2015,2050000.0,5,3,3830,8480,2,0.0,1.0,5,9,pre1950,98122,47.6166,-122.287,0,1
300,3225069065,6/24/2014,3080000.0,4,5,4550,18641,1,1.0,4.0,3,10,1997_to_2015,98074,47.6053,-122.07700000000001,0,1
312,1860600135,5/2/2014,2380000.0,5,2,3650,9050,2,0.0,4.0,5,10,pre1950,98119,47.6345,-122.367,0,1
313,4139480200,6/18/2014,1380000.0,4,3,4290,12103,1,0.0,3.0,3,11,1975_to_1997,98006,47.5503,-122.102,0,1
314,4139480200,12/9/2014,1400000.0,4,3,4290,12103,1,0.0,3.0,3,11,1975_to_1997,98006,47.5503,-122.102,0,1
384,713500030,7/28/2014,1350000.0,5,4,4800,14984,2,0.0,2.0,3,11,1997_to_2015,98006,47.5543,-122.148,0,0
419,8678500060,7/10/2014,1550000.0,5,4,6070,171626,2,0.0,0.0,3,12,1997_to_2015,98024,47.5954,-121.95,0,0
427,9808650060,2/25/2015,1300000.0,3,2,2350,15021,1,0.0,0.0,4,8,1975_to_1997,98004,47.6408,-122.219,0,1
450,4055700030,5/2/2015,1450000.0,3,4,3970,24920,2,0.0,2.0,3,10,1975_to_1997,98034,47.7183,-122.258,0,1
484,2625069070,4/10/2015,1390000.0,4,3,4860,181319,2,0.0,0.0,3,9,1975_to_1997,98074,47.6179,-122.005,0,0
509,3885805665,6/12/2014,1490000.0,4,4,4030,10800,2,0.0,0.0,3,10,1997_to_2015,98033,47.6821,-122.196,0,0
518,4386700135,11/14/2014,2250000.0,4,2,4760,8036,2,0.0,0.0,5,9,pre1950,98112,47.6415,-122.285,0,1
527,3225079035,6/18/2014,1600000.0,6,5,6050,230652,2,0.0,3.0,3,11,1997_to_2015,98024,47.6033,-121.943,0,0
540,622049114,2/18/2015,2130000.0,3,2,5403,24069,2,1.0,4.0,4,12,1975_to_1997,98166,47.4169,-122.348,0,0
551,1373800295,10/13/2014,1450000.0,3,3,4380,6320,2,0.0,3.0,5,10,1950_to_1975,98199,47.6452,-122.411,0,1
556,5486800070,6/20/2014,1950000.0,7,4,4640,15235,2,0.0,1.0,3,11,1950_to_1975,98040,47.5666,-122.23100000000001,1,1
656,3760500116,11/20/2014,3070000.0,3,2,3930,55867,1,1.0,4.0,4,8,1950_to_1975,98034,47.7022,-122.22399999999999,0,1
691,5450900060,9/23/2014,1480000.0,5,2,4570,19252,2,0.0,0.0,5,10,1950_to_1975,98040,47.5553,-122.22,0,0
722,2225059214,8/8/2014,1580000.0,4,3,4670,51836,2,0.0,0.0,4,12,1975_to_1997,98005,47.635,-122.164,0,0
738,6613000140,11/13/2014,1300000.0,3,3,3400,5979,2,0.0,0.0,4,9,pre1950,98105,47.6585,-122.273,0,1
757,9273200140,1/21/2015,1310000.0,2,2,3950,3938,2,0.0,4.0,3,10,1975_to_1997,98116,47.5912,-122.384,0,1
779,1954700695,6/12/2014,2250000.0,5,4,4860,9453,2,0.0,1.0,5,10,pre1950,98112,47.6196,-122.286,0,1
792,8081020370,7/9/2014,1360000.0,4,4,3550,11000,1,0.0,2.0,3,11,1997_to_2015,98006,47.5506,-122.134,0,1
814,4045100075,3/25/2015,2400000.0,4,4,4890,15188,2,0.0,2.0,3,11,1997_to_2015,98040,47.5602,-122.227,0,1
946,2925059135,4/8/2015,1320000.0,3,3,2230,12968,2,0.0,0.0,3,9,1975_to_1997,98004,47.6271,-122.197,0,0
1030,5700004028,4/17/2015,2450000.0,4,4,4250,6552,2,0.0,3.0,4,10,1997_to_2015,98144,47.5747,-122.28299999999999,0,1
1099,7237500390,11/10/2014,1570000.0,5,4,6070,14731,2,0.0,0.0,3,11,1997_to_2015,98059,47.5306,-122.134,0,0
1150,4055701200,4/21/2015,1960000.0,4,3,3120,7898,1,1.0,4.0,4,8,1950_to_1975,98034,47.7165,-122.259,0,1
1159,7533800295,8/19/2014,1750000.0,4,3,3460,7749,2,0.0,1.0,3,10,pre1950,98115,47.6849,-122.273,0,1
1162,1247600105,10/20/2014,5110000.0,5,5,8010,45517,2,1.0,4.0,3,12,1997_to_2015,98033,47.6767,-122.211,0,1
1215,6321000045,12/22/2014,1880000.0,5,3,4110,7920,2,0.0,3.0,3,9,pre1950,98122,47.617,-122.28200000000001,0,1
1270,4389200765,6/25/2014,2300000.0,4,3,4250,8570,2,0.0,0.0,3,9,1997_to_2015,98004,47.6154,-122.21,0,0
1280,8964800445,2/9/2015,2260000.0,3,4,3110,14872,1,0.0,0.0,3,10,1997_to_2015,98004,47.6178,-122.209,0,0
1313,7558700030,4/13/2015,5300000.0,6,6,7390,24829,2,1.0,0.0,4,12,1975_to_1997,98040,47.5631,-122.21,0,1
1359,1925069082,5/11/2015,2200000.0,5,4,4640,22703,2,1.0,4.0,5,8,1950_to_1975,98052,47.6393,-122.09700000000001,0,1
1418,8073000550,4/15/2015,1700000.0,4,4,3190,17186,2,1.0,4.0,3,10,1997_to_2015,98178,47.5115,-122.24600000000001,0,0
1421,1370801331,8/4/2014,1400000.0,4,2,4040,9630,1,0.0,3.0,4,9,1950_to_1975,98199,47.6408,-122.41,0,1
1431,9471200370,3/30/2015,2540000.0,4,3,3710,20000,2,0.0,2.0,5,10,pre1950,98105,47.6696,-122.26100000000001,0,1
1438,7431500341,4/24/2015,1360000.0,3,2,3600,21399,1,0.0,3.0,3,9,pre1950,98008,47.6191,-122.09899999999999,1,1
1446,8907500070,4/13/2015,5350000.0,5,5,8000,23985,2,0.0,4.0,3,12,1997_to_2015,98004,47.6232,-122.22,0,1
1469,5452800310,4/20/2015,1330000.0,5,3,3340,10796,1,0.0,2.0,3,9,1950_to_1975,98040,47.5421,-122.229,0,1
1537,3425059222,11/24/2014,1300000.0,6,4,6563,32670,2,0.0,0.0,3,10,1997_to_2015,98005,47.6078,-122.15700000000001,0,1
1582,8964800370,10/22/2014,1380000.0,3,2,1850,10572,1,0.0,0.0,4,8,1950_to_1975,98004,47.6194,-122.208,0,0
1674,5700003985,10/29/2014,2250000.0,4,4,4440,8125,2,0.0,3.0,5,10,pre1950,98144,47.5744,-122.28299999999999,0,1
1728,5021900140,11/20/2014,1680000.0,5,4,4830,11466,2,0.0,0.0,3,10,1997_to_2015,98040,47.5774,-122.22200000000001,0,1
1730,8081500060,10/1/2014,1930000.0,4,3,4280,20296,2,0.0,0.0,4,11,1975_to_1997,98004,47.6377,-122.212,0,0
1768,625059051,9/3/2014,2350000.0,4,2,4370,22863,2,0.0,3.0,4,10,pre1950,98033,47.6878,-122.215,0,0
1815,1337300070,9/24/2014,1320000.0,4,2,3180,6105,2,0.0,0.0,3,10,pre1950,98112,47.6255,-122.314,0,0
1816,9290900160,9/11/2014,1430000.0,4,2,3380,27589,2,0.0,0.0,3,10,1950_to_1975,98004,47.6292,-122.225,0,0
1833,7015200335,6/19/2014,1530000.0,4,3,3620,5131,2,0.0,3.0,4,11,pre1950,98119,47.6499,-122.37,0,1
1846,3271800295,2/3/2015,1570000.0,5,4,5620,5800,3,0.0,3.0,3,11,1997_to_2015,98199,47.6482,-122.412,0,1
1892,3066120030,1/27/2015,1580000.0,4,4,3810,9916,2,0.0,0.0,3,11,1975_to_1997,98040,47.5739,-122.234,0,0
1942,1118001805,7/24/2014,1720000.0,4,4,4490,7623,2,0.0,0.0,4,10,pre1950,98112,47.6315,-122.29,0,1
1943,3398800055,11/19/2014,2400000.0,4,4,4090,24825,2,0.0,0.0,4,11,pre1950,98102,47.6338,-122.319,0,1
1985,1118002090,6/28/2014,1600000.0,3,4,2820,7200,2,0.0,0.0,4,10,pre1950,98112,47.6298,-122.29,0,1
2021,3892500070,7/28/2014,1480000.0,3,4,4070,26000,2,0.0,0.0,3,11,1975_to_1997,98033,47.659,-122.17399999999999,0,0
2038,9471200200,3/25/2015,2530000.0,4,4,5040,16048,1,0.0,3.0,3,10,pre1950,98105,47.6702,-122.26,0,1
2044,1118001370,1/2/2015,1570000.0,3,3,2340,8828,1,0.0,0.0,4,9,1950_to_1975,98112,47.632,-122.289,0,0
2083,8106100105,11/14/2014,3850000.0,4,4,5770,21300,2,1.0,4.0,4,11,1975_to_1997,98040,47.585,-122.22200000000001,0,0
2110,7787400030,6/9/2014,1640000.0,5,4,4220,26784,1,0.0,0.0,3,10,1950_to_1975,98004,47.6003,-122.206,1,1
2123,4379600030,7/29/2014,1330000.0,3,4,6400,76665,1,0.0,2.0,4,10,1950_to_1975,98177,47.7313,-122.37,0,0
2134,4219400520,6/16/2014,1740000.0,4,2,3040,5000,2,0.0,3.0,4,9,pre1950,98105,47.6565,-122.27799999999999,0,1
2138,1224059053,10/27/2014,1700000.0,5,2,2500,15250,2,1.0,4.0,5,8,pre1950,98008,47.5883,-122.111,0,0
2177,3343301920,3/2/2015,1650000.0,3,3,2690,8890,2,1.0,4.0,4,10,1950_to_1975,98006,47.5487,-122.197,0,0
2179,6448600060,2/26/2015,1550000.0,5,2,2450,20805,2,0.0,0.0,4,9,1950_to_1975,98004,47.6275,-122.227,0,0
2198,1329000030,9/4/2014,1680000.0,4,4,4490,34982,2,0.0,0.0,3,12,1997_to_2015,98005,47.6406,-122.156,0,0
2234,4139420370,8/11/2014,1760000.0,4,5,6055,21630,1,0.0,3.0,4,12,1975_to_1997,98006,47.5524,-122.11200000000001,0,1
2252,1922000070,6/9/2014,1340000.0,4,2,4250,19387,2,0.0,2.0,4,9,1950_to_1975,98040,47.5578,-122.212,0,1
2265,3859900060,1/12/2015,2750000.0,5,4,6300,16065,2,0.0,1.0,3,12,1997_to_2015,98004,47.5922,-122.20700000000001,0,1
2312,2451000070,4/2/2015,1400000.0,4,2,2770,8879,2,0.0,0.0,3,9,1997_to_2015,98004,47.5831,-122.193,0,0
2318,1118000465,3/12/2015,1810000.0,3,4,3780,8295,2,0.0,0.0,3,9,1950_to_1975,98112,47.6394,-122.29,0,1
2337,1724069062,7/14/2014,1370000.0,2,3,2700,3444,3,1.0,3.0,3,9,1975_to_1997,98075,47.5684,-122.06,0,0
2397,3395000070,9/27/2014,1540000.0,4,3,4910,15139,1,0.0,0.0,4,10,1950_to_1975,98004,47.6444,-122.22,0,1
2427,5026900160,4/24/2015,1600000.0,5,2,3100,5374,2,0.0,0.0,4,9,pre1950,98122,47.6154,-122.28299999999999,0,0
2442,7524900003,12/10/2014,3280000.0,2,2,6840,10000,2,1.0,4.0,3,11,1997_to_2015,98008,47.6042,-122.11200000000001,0,1
2447,4389200796,5/22/2014,1600000.0,3,2,3160,12824,1,0.0,2.0,4,9,1950_to_1975,98004,47.6151,-122.21600000000001,0,1
2459,2175100055,12/30/2014,1700000.0,5,5,4930,14649,2,0.0,3.0,3,11,1997_to_2015,98040,47.5829,-122.24700000000001,0,1
2471,7787400105,3/6/2015,1870000.0,4,2,2950,43560,1,0.0,2.0,4,9,1950_to_1975,98004,47.5988,-122.20700000000001,0,1
2561,8722100570,4/3/2015,1600000.0,4,2,2940,5735,1,0.0,0.0,3,9,1950_to_1975,98112,47.6381,-122.304,0,1
2562,7856400240,6/27/2014,1620000.0,4,3,3900,9750,1,0.0,4.0,5,10,1950_to_1975,98006,47.5605,-122.15799999999999,0,1
2563,7856400240,2/11/2015,1650000.0,4,3,3900,9750,1,0.0,4.0,5,10,1950_to_1975,98006,47.5605,-122.15799999999999,0,1
2618,2624059036,10/3/2014,1600000.0,5,4,5130,43123,2,0.0,0.0,3,11,1975_to_1997,98006,47.544,-122.126,0,0
2624,7738500731,8/15/2014,4500000.0,5,6,6640,40014,2,1.0,4.0,3,12,1997_to_2015,98155,47.7493,-122.28,0,1
2666,4139500200,3/5/2015,1380000.0,6,4,5740,10312,2,0.0,2.0,3,11,1997_to_2015,98006,47.5533,-122.11,0,1
2779,5701500030,6/1/2014,1510000.0,4,4,3480,7232,2,0.0,0.0,3,9,pre1950,98144,47.5859,-122.291,1,0
2788,824059331,11/8/2014,1610000.0,5,4,3530,13260,2,0.0,0.0,3,10,1997_to_2015,98040,47.5761,-122.205,0,0
2816,5035300850,11/10/2014,1390000.0,5,4,3290,6480,2,0.0,0.0,5,10,pre1950,98199,47.653,-122.415,0,1
2834,7582700100,11/11/2014,1320000.0,3,3,3440,4080,2,0.0,0.0,3,9,1997_to_2015,98105,47.6644,-122.28,0,1
2843,9359100750,10/31/2014,1400000.0,4,4,3080,10550,2,0.0,3.0,3,8,1975_to_1997,98040,47.5806,-122.244,1,1
2856,6752500090,1/27/2015,1840000.0,4,4,4870,39190,2,0.0,0.0,3,12,1975_to_1997,98006,47.5447,-122.124,0,0
2862,4114601570,11/18/2014,3600000.0,3,3,5020,12431,2,1.0,4.0,3,10,pre1950,98144,47.5925,-122.287,1,1
2897,9808100100,2/2/2015,3000000.0,5,3,5370,14091,2,0.0,0.0,3,10,pre1950,98004,47.6499,-122.21600000000001,1,1
2972,3625049014,8/29/2014,2950000.0,4,4,4860,23885,2,0.0,0.0,3,12,1975_to_1997,98039,47.6172,-122.23,0,0
3007,1342300265,10/1/2014,1330000.0,4,3,2470,4760,2,0.0,0.0,5,9,pre1950,98112,47.6331,-122.31,0,1
3018,3377900195,9/29/2014,2530000.0,4,6,6930,45100,1,0.0,0.0,4,11,pre1950,98006,47.5547,-122.14399999999999,0,0
3033,1329000090,12/19/2014,1800000.0,4,4,3930,39098,2,0.0,0.0,3,12,1997_to_2015,98005,47.6399,-122.15799999999999,0,0
3037,5452301785,2/18/2015,2300000.0,4,4,4070,13860,2,0.0,3.0,3,10,1997_to_2015,98040,47.59,-122.229,0,0
3089,251620110,7/2/2014,2290000.0,4,2,4080,18362,2,0.0,2.0,4,11,1975_to_1997,98004,47.6344,-122.214,0,0
3098,622069006,8/20/2014,1500000.0,4,6,6550,217374,1,0.0,0.0,3,11,1997_to_2015,98058,47.4302,-122.095,0,1
3118,7237500590,11/17/2014,1320000.0,4,5,6110,10369,2,0.0,0.0,3,11,1997_to_2015,98059,47.5285,-122.135,0,0
3150,1336800015,5/21/2014,1510000.0,4,3,3660,5800,2,0.0,0.0,3,10,pre1950,98112,47.6283,-122.31200000000001,0,1
3154,1827200265,9/11/2014,1900000.0,2,3,3690,32044,2,1.0,4.0,3,12,1975_to_1997,98166,47.4485,-122.369,0,0
3184,1118001645,1/30/2015,1400000.0,3,3,3020,6073,2,0.0,0.0,4,9,1950_to_1975,98112,47.6332,-122.29,0,0
3226,9808700405,6/4/2014,1900000.0,3,2,2660,13367,2,0.0,2.0,3,10,1975_to_1997,98004,47.6501,-122.21700000000001,0,0
3255,1330300300,4/15/2015,1900000.0,3,4,3150,8550,2,0.0,0.0,3,10,1997_to_2015,98112,47.6387,-122.28399999999999,0,0
3274,8085400490,8/1/2014,1310000.0,5,2,2770,8100,2,0.0,0.0,3,9,1997_to_2015,98004,47.6341,-122.208,0,0
3278,8964800025,2/26/2015,1970000.0,5,4,3940,13738,2,0.0,3.0,4,9,1950_to_1975,98004,47.6203,-122.212,0,0
3335,1959701745,11/7/2014,1680000.0,6,2,4910,6600,2,0.0,0.0,5,10,pre1950,98102,47.6458,-122.32,0,1
3341,3861470110,6/23/2014,2080000.0,4,4,4230,20377,2,0.0,0.0,3,11,1975_to_1997,98004,47.5954,-122.206,0,0
3381,1118001408,11/24/2014,2540000.0,5,5,5410,13431,2,0.0,0.0,4,10,pre1950,98112,47.6306,-122.288,0,1
3404,5318100645,5/27/2014,1570000.0,4,4,3070,5850,2,0.0,0.0,5,9,pre1950,98112,47.633,-122.28299999999999,0,1
3515,5700003640,5/19/2014,2100000.0,5,4,5340,10655,2,0.0,3.0,4,10,pre1950,98144,47.5795,-122.285,0,1
3522,6448000090,5/12/2014,1580000.0,5,3,3650,20150,1,0.0,0.0,4,10,1950_to_1975,98004,47.6215,-122.22399999999999,0,1
3582,9272200090,2/4/2015,1600000.0,4,4,3780,6000,2,0.0,4.0,4,11,pre1950,98116,47.5922,-122.38799999999999,0,1
3683,809002680,10/14/2014,1440000.0,4,2,2410,6000,2,0.0,0.0,3,8,pre1950,98109,47.6369,-122.355,0,0
3704,822069112,4/23/2015,1350000.0,4,5,5230,89298,2,0.0,0.0,3,11,1997_to_2015,98038,47.4097,-122.06299999999999,0,0
3731,1118000110,5/29/2014,2450000.0,4,4,4730,13586,2,0.0,0.0,5,10,pre1950,98112,47.6319,-122.288,0,1
3744,4389201250,5/13/2014,2450000.0,5,4,4430,9000,2,0.0,0.0,3,10,1997_to_2015,98004,47.6168,-122.21600000000001,0,0
3757,2540700110,2/12/2015,1910000.0,4,4,4210,18564,2,0.0,0.0,3,11,1997_to_2015,98039,47.6206,-122.225,0,0
3765,4219401080,5/20/2014,1740000.0,4,4,3300,4545,2,0.0,4.0,3,10,pre1950,98105,47.6561,-122.274,0,1
3773,3885803245,3/5/2015,1650000.0,5,4,3310,8400,2,0.0,0.0,3,10,1997_to_2015,98033,47.6914,-122.214,0,0
3809,1118000301,12/19/2014,2890000.0,4,4,5780,7173,2,0.0,0.0,3,11,1997_to_2015,98112,47.6374,-122.288,0,1
3817,5452301810,9/5/2014,1580000.0,5,4,4220,9240,2,0.0,2.0,5,11,1975_to_1997,98040,47.5895,-122.229,0,1
3857,1118001295,12/3/2014,2200000.0,4,3,3540,11098,2,0.0,0.0,3,10,pre1950,98112,47.63399999999999,-122.288,0,0
3865,1732800820,6/19/2014,1330000.0,4,2,2440,3600,2,0.0,0.0,4,8,pre1950,98119,47.6298,-122.36200000000001,0,0
3867,2524049166,9/18/2014,2950000.0,5,5,6240,47480,1,0.0,3.0,3,11,1997_to_2015,98040,47.5317,-122.23299999999999,0,1
3902,4055700378,10/9/2014,1420000.0,4,3,3600,38016,2,0.0,2.0,3,11,1975_to_1997,98034,47.7124,-122.25299999999999,0,1
3910,9808700762,6/11/2014,7060000.0,5,4,10040,37325,2,1.0,2.0,3,11,pre1950,98004,47.65,-122.214,1,1
3920,4141800215,11/26/2014,1500000.0,4,4,3770,4000,2,0.0,0.0,5,9,pre1950,98122,47.6157,-122.287,0,1
3924,7135520300,4/7/2015,1300000.0,3,3,4120,16365,1,0.0,2.0,3,12,1997_to_2015,98059,47.5265,-122.148,0,0
3930,1269200229,7/23/2014,1380000.0,3,3,3786,38038,1,1.0,4.0,3,9,1975_to_1997,98070,47.3907,-122.448,1,1
3985,629000615,10/22/2014,1500000.0,4,3,3070,10375,2,0.0,0.0,3,10,1950_to_1975,98004,47.5862,-122.198,1,1
4009,724069059,5/9/2014,2400000.0,3,2,3000,11665,2,1.0,4.0,3,11,1997_to_2015,98075,47.5884,-122.086,0,0
4011,6169901130,9/11/2014,1390000.0,3,3,2490,3600,2,0.0,3.0,4,8,pre1950,98119,47.6313,-122.369,0,1
4023,8964800930,3/17/2015,1350000.0,4,2,2240,10296,1,0.0,0.0,5,8,pre1950,98004,47.6177,-122.21700000000001,0,0
4028,5700003585,12/29/2014,2500000.0,5,3,5620,12672,2,0.0,0.0,4,11,pre1950,98144,47.5786,-122.287,0,1
4031,685000115,10/7/2014,2150000.0,8,6,4340,9415,2,0.0,0.0,3,8,1950_to_1975,98004,47.6316,-122.20200000000001,0,0
4145,6447300265,10/14/2014,4000000.0,4,6,7080,16573,2,0.0,0.0,3,12,1997_to_2015,98039,47.6151,-122.22399999999999,0,1
4185,6613000750,10/1/2014,1600000.0,4,3,3680,5000,2,0.0,3.0,3,9,pre1950,98105,47.6599,-122.26899999999999,0,1
4186,2303900090,7/29/2014,2880000.0,4,2,5760,32033,2,0.0,4.0,4,12,1975_to_1997,98177,47.7288,-122.37,0,1
4214,1025039086,9/16/2014,1880000.0,3,2,3280,29111,2,1.0,3.0,3,11,pre1950,98199,47.6699,-122.416,0,0
4216,3342104046,7/8/2014,1570000.0,4,2,2890,18226,3,1.0,4.0,3,10,1975_to_1997,98056,47.5169,-122.209,0,0
4251,913000315,6/5/2014,1300000.0,6,4,3902,3880,3,0.0,4.0,4,9,1975_to_1997,98116,47.5837,-122.399,0,1
4264,251620090,5/30/2014,2400000.0,4,3,4140,20734,1,0.0,1.0,3,10,1975_to_1997,98004,47.6344,-122.215,1,1
4331,4217401055,5/2/2014,1400000.0,4,2,2920,4000,2,0.0,0.0,5,8,pre1950,98105,47.6578,-122.28,0,1
4335,3760500336,11/26/2014,2130000.0,4,3,3190,19513,2,0.0,4.0,4,10,1975_to_1997,98034,47.6991,-122.235,0,0
4402,3505100756,11/6/2014,2050000.0,4,3,4280,18834,1,0.0,4.0,5,11,1950_to_1975,98116,47.5811,-122.4,0,1
4404,5154200015,4/14/2015,1710000.0,3,3,2490,27702,2,1.0,4.0,3,10,1997_to_2015,98116,47.5596,-122.40299999999999,0,0
4407,2470100110,8/4/2014,5570000.0,5,6,9200,35069,2,0.0,0.0,3,13,1997_to_2015,98039,47.6289,-122.23299999999999,0,1
4422,7781600100,9/5/2014,1340000.0,3,3,2730,38869,2,0.0,4.0,3,9,1950_to_1975,98146,47.4857,-122.361,1,1
4424,2125059013,4/20/2015,1670000.0,5,4,4320,40816,2,0.0,0.0,4,11,1975_to_1997,98004,47.644,-122.185,0,0
4482,1724069059,5/24/2014,2000000.0,5,4,4580,4443,3,1.0,4.0,3,10,1997_to_2015,98075,47.5682,-122.059,0,0
4531,5556300076,4/23/2015,1440000.0,3,2,2630,9705,2,0.0,2.0,4,8,1975_to_1997,98052,47.6485,-122.12100000000001,0,0
4623,3225059223,5/19/2014,1410000.0,4,4,3410,10769,2,0.0,0.0,3,10,1997_to_2015,98004,47.6081,-122.198,0,0
4631,1324049015,11/11/2014,2490000.0,4,2,3440,23954,2,1.0,3.0,5,10,pre1950,98040,47.5636,-122.23100000000001,0,1
4670,2998800110,3/25/2015,1350000.0,4,3,3440,4920,2,0.0,4.0,3,10,1997_to_2015,98116,47.5727,-122.40899999999999,0,1
4739,31000165,9/11/2014,1490000.0,5,4,3620,7821,2,0.0,2.0,3,10,1950_to_1975,98040,47.5738,-122.215,1,1
4753,868001705,2/6/2015,1470000.0,3,2,2480,9900,2,0.0,3.0,3,10,pre1950,98177,47.7018,-122.381,0,1
4758,9201300050,8/14/2014,1850000.0,5,2,2800,8442,2,1.0,4.0,3,9,1950_to_1975,98075,47.5784,-122.07600000000001,1,0
4807,9831200500,3/4/2015,2480000.0,5,4,6810,7500,2,0.0,0.0,3,13,pre1950,98102,47.6285,-122.322,0,1
4855,1338300170,3/24/2015,2050000.0,5,4,4690,8208,2,0.0,0.0,3,9,pre1950,98112,47.6321,-122.304,0,1
4917,9809000020,5/13/2014,1900000.0,5,2,3120,16672,2,0.0,0.0,4,9,1950_to_1975,98004,47.6458,-122.219,0,0
4918,9809000020,3/13/2015,1940000.0,5,2,3120,16672,2,0.0,0.0,4,9,1950_to_1975,98004,47.6458,-122.219,0,0
4932,1250203070,5/14/2014,1400000.0,3,2,2550,7200,2,0.0,2.0,3,10,1975_to_1997,98144,47.5996,-122.288,1,0
4962,8678500020,12/13/2014,1580000.0,4,4,5830,131116,2,0.0,0.0,3,11,1997_to_2015,98024,47.5986,-121.949,0,0
5044,7856410430,5/30/2014,1390000.0,6,3,5700,20000,1,0.0,4.0,4,10,1975_to_1997,98006,47.5601,-122.16,0,1
5049,4217400305,3/31/2015,1300000.0,4,2,3070,4000,2,0.0,0.0,4,8,pre1950,98105,47.659,-122.281,0,1
5054,1125069153,8/22/2014,1530000.0,4,4,5990,111078,2,0.0,0.0,3,11,1997_to_2015,98053,47.667,-121.994,0,0
5112,9412400185,6/19/2014,1310000.0,4,4,4750,13912,2,0.0,2.0,3,10,1997_to_2015,98118,47.5332,-122.265,0,1
5155,9551201585,7/1/2014,1300000.0,6,3,2630,9420,2,0.0,0.0,5,9,pre1950,98103,47.6695,-122.337,0,1
5157,9320200050,12/16/2014,1500000.0,4,3,2930,25697,1,0.0,0.0,4,9,1950_to_1975,98004,47.6264,-122.226,0,1
5288,3856900507,5/12/2014,1320000.0,4,4,3460,3997,2,0.0,0.0,3,10,1997_to_2015,98103,47.6718,-122.329,0,1
5363,7215900020,12/9/2014,1600000.0,4,4,4060,9486,2,0.0,0.0,3,10,1997_to_2015,98033,47.6634,-122.2,0,0
5428,3885808005,3/5/2015,1740000.0,5,3,3930,5500,2,0.0,0.0,3,9,1997_to_2015,98033,47.6802,-122.208,0,1
5444,6065300840,5/1/2015,2850000.0,4,4,5040,17208,1,0.0,0.0,5,10,1975_to_1997,98006,47.5701,-122.18799999999999,0,1
5446,7237501190,10/10/2014,1780000.0,4,3,4890,13402,2,0.0,0.0,3,13,1997_to_2015,98059,47.5303,-122.131,0,0
5584,6447300225,11/6/2014,1880000.0,3,3,2620,17919,1,0.0,1.0,4,9,pre1950,98039,47.6144,-122.228,0,0
5595,9808100185,10/3/2014,1690000.0,4,4,4020,13515,2,0.0,0.0,3,11,1997_to_2015,98004,47.6462,-122.212,0,0
5612,3880900010,6/4/2014,2400000.0,5,3,3410,9088,2,0.0,3.0,3,9,pre1950,98119,47.6285,-122.361,0,1
5661,9253900417,1/28/2015,1600000.0,3,2,2850,19593,2,1.0,4.0,3,10,1975_to_1997,98008,47.5894,-122.111,0,1
5670,7933250050,10/28/2014,1420000.0,5,3,4020,4500,2,0.0,0.0,3,9,1997_to_2015,98004,47.6349,-122.204,0,1
5675,6645900010,11/20/2014,1470000.0,4,2,3030,10189,1,0.0,0.0,3,9,1997_to_2015,98004,47.6367,-122.206,0,1
5697,1118002000,6/24/2014,2470000.0,5,5,6390,13180,2,0.0,0.0,3,10,pre1950,98112,47.6312,-122.291,0,1
5711,9201300020,8/11/2014,1520000.0,3,2,2610,9409,1,0.0,4.0,4,8,1950_to_1975,98075,47.5789,-122.07600000000001,0,0
5734,6613000585,1/8/2015,1620000.0,3,2,3490,9362,1,0.0,3.0,5,9,1950_to_1975,98105,47.6605,-122.27,0,1
5744,6744701310,4/15/2015,1850000.0,4,2,3830,11972,1,1.0,4.0,3,11,1975_to_1997,98155,47.7404,-122.28399999999999,0,1
5750,4139490190,7/11/2014,1500000.0,4,4,4410,12426,2,0.0,2.0,3,12,1975_to_1997,98006,47.5518,-122.10700000000001,0,1
5764,9197800010,10/17/2014,1460000.0,4,4,4200,14353,2,0.0,2.0,3,12,1975_to_1997,98040,47.5331,-122.21700000000001,0,1
5822,9829200250,1/5/2015,1700000.0,3,2,2600,6600,2,0.0,4.0,3,10,1950_to_1975,98122,47.6055,-122.285,1,1
5824,9359100500,5/27/2014,1800000.0,4,3,4060,13000,2,0.0,3.0,3,11,1997_to_2015,98040,47.581,-122.24600000000001,0,0
5844,3585900500,4/2/2015,1530000.0,4,4,4720,21000,3,0.0,4.0,5,11,1950_to_1975,98177,47.7591,-122.376,0,0
5858,4141800285,7/14/2014,1730000.0,4,2,3470,8000,2,0.0,1.0,3,9,pre1950,98122,47.6149,-122.287,0,1
5874,2525049148,10/7/2014,3420000.0,5,5,5450,20412,2,0.0,0.0,3,11,1997_to_2015,98039,47.6209,-122.23700000000001,0,0
5930,2911700020,7/21/2014,1480000.0,3,2,4470,22518,2,0.0,2.0,3,9,1950_to_1975,98006,47.574,-122.18,0,1
5952,2524049215,5/1/2015,1560000.0,4,4,3730,17000,2,0.0,3.0,4,10,1975_to_1997,98040,47.5355,-122.242,0,1
5961,5249800010,12/3/2014,2730000.0,4,4,6410,43838,2,0.0,2.0,4,12,pre1950,98144,47.5703,-122.28,0,1
6003,2125049024,6/20/2014,1330000.0,4,2,2870,6280,2,0.0,0.0,4,9,pre1950,98112,47.6329,-122.31,0,1
6035,1725059316,11/20/2014,2390000.0,4,4,6330,13296,2,0.0,2.0,3,13,1997_to_2015,98033,47.6488,-122.20100000000001,0,1
6039,4045100190,10/27/2014,2200000.0,4,3,4250,18000,2,0.0,3.0,5,10,1975_to_1997,98040,47.5612,-122.229,0,1
6115,1377300005,4/1/2015,1450000.0,4,4,3470,8580,2,0.0,0.0,3,11,1997_to_2015,98199,47.6433,-122.40299999999999,0,1
6189,9185700440,7/28/2014,2400000.0,4,4,5860,7200,2,0.0,0.0,5,10,pre1950,98112,47.6287,-122.287,0,1
6191,9178601660,5/14/2015,1700000.0,5,3,3320,5354,2,0.0,0.0,3,9,1997_to_2015,98103,47.6542,-122.331,0,0
6227,2024069008,6/19/2014,2200000.0,5,5,5990,10450,2,1.0,4.0,3,11,1997_to_2015,98027,47.5554,-122.07700000000001,0,1
6291,7855000460,10/7/2014,1450000.0,3,3,3940,9671,1,0.0,4.0,5,9,1950_to_1975,98006,47.5654,-122.15799999999999,0,1
6329,824059321,6/2/2014,1970000.0,4,4,4370,8510,2,0.0,1.0,3,10,1997_to_2015,98004,47.5876,-122.204,0,1
6349,4340000080,3/27/2015,1450000.0,4,4,2820,7809,2,0.0,0.0,3,10,1975_to_1997,98004,47.622,-122.195,0,0
6384,4139430250,3/30/2015,1440000.0,4,4,4970,16582,2,0.0,3.0,4,11,1975_to_1997,98006,47.5496,-122.12,0,1
6392,2524049148,3/17/2015,1580000.0,4,3,3120,20031,1,0.0,2.0,4,9,1950_to_1975,98040,47.5389,-122.242,0,1
6396,2624049091,3/13/2015,2900000.0,5,2,3750,91681,2,1.0,4.0,3,10,pre1950,98118,47.5379,-122.264,0,0
6471,7936500190,10/21/2014,1340000.0,4,4,2130,34689,2,1.0,4.0,3,9,1950_to_1975,98136,47.5489,-122.398,0,0
6493,1370802115,12/5/2014,1930000.0,3,4,3950,6134,2,0.0,3.0,3,11,1997_to_2015,98199,47.6413,-122.405,0,1
6495,2626069030,2/9/2015,1940000.0,4,6,7220,223462,2,0.0,4.0,3,12,1997_to_2015,98053,47.7097,-122.01299999999999,0,1
6502,4217402115,4/21/2015,3650000.0,6,5,5480,19401,2,1.0,4.0,5,11,pre1950,98105,47.6515,-122.277,0,1
6512,3885806565,1/30/2015,1340000.0,4,4,2980,6349,2,0.0,3.0,3,9,1997_to_2015,98033,47.6819,-122.208,0,0
6539,2581300010,6/9/2014,1350000.0,4,3,3300,15907,2,0.0,0.0,5,10,1975_to_1997,98040,47.5413,-122.21600000000001,0,0
6555,1025039292,10/30/2014,1340000.0,4,2,2900,21074,2,0.0,0.0,3,11,1975_to_1997,98199,47.6696,-122.416,0,0
6577,8562720420,4/30/2015,1350000.0,4,4,4740,8611,2,0.0,3.0,3,11,1997_to_2015,98027,47.5375,-122.07,0,1
6664,5608000630,11/3/2014,1520000.0,4,4,4500,11795,2,0.0,0.0,3,12,1975_to_1997,98027,47.5533,-122.098,0,0
6685,2624089007,3/20/2015,2000000.0,2,2,3900,920423,2,0.0,0.0,3,12,1997_to_2015,98065,47.5371,-121.756,0,0
6708,3126059027,3/18/2015,2650000.0,4,4,4700,13730,2,0.0,3.0,3,11,1950_to_1975,98033,47.6899,-122.21700000000001,0,1
6734,3391500050,7/3/2014,1880000.0,4,3,3930,10929,2,0.0,0.0,3,10,1997_to_2015,98004,47.6259,-122.194,0,0
6764,1336800010,6/13/2014,1340000.0,5,2,4200,5800,2,0.0,0.0,4,9,pre1950,98112,47.6284,-122.31200000000001,0,1
6765,5442300807,6/24/2014,2700000.0,5,3,3831,13800,2,1.0,4.0,3,9,1950_to_1975,98040,47.5919,-122.251,0,0
6777,5316100980,3/26/2015,2250000.0,3,3,4040,7200,2,0.0,2.0,4,9,pre1950,98112,47.6288,-122.28399999999999,0,1
6788,1727001300,6/9/2014,1900000.0,4,3,4130,112521,2,0.0,0.0,3,11,1975_to_1997,98005,47.6392,-122.165,0,0
6817,8964800225,3/3/2015,1430000.0,3,2,1890,12017,1,0.0,2.0,3,8,pre1950,98004,47.6203,-122.21,0,0
6849,1102000527,9/2/2014,1440000.0,4,4,4410,9231,3,0.0,3.0,3,11,1997_to_2015,98118,47.5427,-122.265,0,0
6862,3262300235,11/26/2014,1560000.0,5,2,2870,16238,2,0.0,0.0,4,8,1950_to_1975,98039,47.6308,-122.238,0,0
6910,9359100101,4/14/2015,1370000.0,5,2,3510,13843,1,0.0,2.0,3,8,1950_to_1975,98040,47.5817,-122.24600000000001,0,1
6946,4139500080,7/18/2014,1490000.0,4,4,5180,13077,2,0.0,3.0,3,12,1997_to_2015,98006,47.5513,-122.109,0,1
6953,723000114,5/5/2014,1400000.0,5,4,4010,8510,2,0.0,1.0,5,9,1950_to_1975,98105,47.6578,-122.286,0,1
6956,3885806105,5/21/2014,1580000.0,3,3,3690,7200,2,0.0,0.0,3,11,1997_to_2015,98033,47.6815,-122.2,0,0
6995,6377200010,12/8/2014,2180000.0,4,3,4750,21701,2,0.0,0.0,5,11,1975_to_1997,98004,47.6454,-122.21799999999999,0,0
7001,713500020,4/21/2015,1390000.0,4,4,4490,24767,2,0.0,2.0,3,11,1997_to_2015,98006,47.5544,-122.147,0,1
7028,853200010,7/1/2014,3800000.0,5,6,7050,42840,1,0.0,2.0,4,13,1975_to_1997,98004,47.6229,-122.22,0,1
7057,327000050,12/12/2014,1500000.0,4,3,3860,7199,2,0.0,1.0,3,9,1997_to_2015,98115,47.6855,-122.26899999999999,0,1
7070,2724079090,1/5/2015,1650000.0,4,3,3920,881654,3,0.0,3.0,3,11,1997_to_2015,98024,47.5385,-121.896,0,0
7120,1024049024,12/3/2014,1740000.0,5,4,4870,7700,2,0.0,3.0,5,10,pre1950,98144,47.5832,-122.29,0,1
7128,868002335,3/4/2015,1430000.0,3,3,2710,9204,2,0.0,4.0,3,9,1950_to_1975,98177,47.7039,-122.385,0,1
7184,7159200005,5/7/2014,3200000.0,7,4,6210,8856,2,0.0,2.0,5,11,pre1950,98109,47.6307,-122.354,0,1
7193,3629890190,6/6/2014,1300000.0,4,4,4270,6002,2,0.0,3.0,3,10,1997_to_2015,98029,47.5443,-121.994,0,1
7224,6448000020,1/29/2015,1490000.0,4,2,2420,18480,1,0.0,0.0,4,9,1950_to_1975,98004,47.6214,-122.227,0,0
7229,1245002391,10/22/2014,1400000.0,5,4,4230,6907,2,0.0,0.0,3,10,1997_to_2015,98033,47.6866,-122.205,0,1
7245,6762700020,10/13/2014,7700000.0,6,8,12050,27600,2,0.0,3.0,4,13,pre1950,98102,47.6298,-122.323,0,1
7262,4139470010,10/6/2014,1620000.0,4,3,4250,12281,2,0.0,4.0,3,12,1975_to_1997,98006,47.5507,-122.113,0,1
7263,629800380,10/13/2014,1450000.0,4,4,4360,24603,2,0.0,0.0,3,12,1997_to_2015,98074,47.6035,-122.005,0,0
7304,6072800170,4/28/2015,2500000.0,4,4,3330,24354,1,0.0,0.0,4,10,1950_to_1975,98006,47.5708,-122.19200000000001,0,0
7306,4131900066,8/25/2014,3100000.0,3,3,3920,13085,2,1.0,4.0,4,11,1975_to_1997,98040,47.5716,-122.204,0,0
7336,4289900005,12/30/2014,1540000.0,4,3,2850,4100,2,0.0,3.0,3,10,pre1950,98122,47.6147,-122.285,0,1
7339,4139910250,2/10/2015,1530000.0,4,4,5850,35070,2,0.0,0.0,4,12,1975_to_1997,98006,47.5485,-122.124,0,1
7380,5457300095,1/7/2015,1780000.0,4,3,3730,7071,3,0.0,2.0,3,11,1975_to_1997,98109,47.6292,-122.355,0,0
7397,524059148,6/6/2014,1600000.0,4,4,4280,9583,2,0.0,0.0,3,11,1997_to_2015,98004,47.5979,-122.197,0,0
7408,5017000470,7/10/2014,1980000.0,6,4,4800,9097,2,0.0,0.0,3,10,1997_to_2015,98112,47.6259,-122.291,0,1
7419,2524000050,12/12/2014,1390000.0,3,4,4240,21578,2,0.0,0.0,3,10,1975_to_1997,98040,47.5614,-122.215,0,1
7425,5316100780,9/22/2014,2580000.0,4,4,3280,3800,2,0.0,0.0,3,11,1997_to_2015,98112,47.6299,-122.28,0,1
7426,9362000080,3/16/2015,1600000.0,5,4,4050,20925,2,0.0,3.0,3,10,1950_to_1975,98040,47.5348,-122.241,1,1
7429,3459600440,11/25/2014,1310000.0,5,3,3650,16600,1,0.0,3.0,4,9,1975_to_1997,98006,47.56,-122.14399999999999,0,1
7451,7237550130,5/20/2014,1300000.0,4,4,4380,74052,1,0.0,0.0,3,11,1997_to_2015,98053,47.6587,-122.009,0,0
7486,2655500235,4/10/2015,1610000.0,4,4,3920,19088,1,0.0,1.0,3,10,1997_to_2015,98040,47.576,-122.214,0,1
7494,2525049133,4/2/2015,1400000.0,5,2,2640,14959,1,0.0,0.0,4,7,pre1950,98039,47.6191,-122.234,0,1
7499,9471200265,5/5/2015,2500000.0,4,3,3960,16224,2,0.0,2.0,3,12,pre1950,98105,47.6701,-122.259,0,1
7529,1860600535,12/20/2014,1320000.0,4,3,2120,3600,2,0.0,3.0,4,8,pre1950,98119,47.6344,-122.369,0,1
7543,3885805175,10/1/2014,1490000.0,4,3,3730,7200,2,0.0,0.0,3,10,1997_to_2015,98033,47.6824,-122.199,0,1
7571,4141010110,8/8/2014,1700000.0,4,4,4330,15335,2,0.0,0.0,4,11,1975_to_1997,98040,47.5315,-122.23100000000001,0,1
7637,6169901085,8/7/2014,1450000.0,4,2,3200,3600,3,0.0,3.0,4,9,1975_to_1997,98119,47.632,-122.369,0,1
7645,9185700485,4/1/2015,2540000.0,4,4,4350,6000,2,0.0,0.0,5,10,pre1950,98112,47.6277,-122.286,0,1
7661,6169900580,7/9/2014,1470000.0,6,4,4230,6420,2,0.0,3.0,4,8,pre1950,98119,47.6301,-122.369,0,1
7693,3761700053,1/5/2015,2150000.0,3,3,3470,9610,3,0.0,4.0,3,11,1975_to_1997,98034,47.7205,-122.26,0,0
7806,1689400375,8/5/2014,1450000.0,4,3,3100,3900,2,0.0,2.0,5,9,pre1950,98109,47.6385,-122.348,0,0
7837,8084900195,11/21/2014,1650000.0,6,4,4010,16200,1,0.0,0.0,3,8,1950_to_1975,98004,47.6322,-122.21600000000001,0,1
7879,3024059014,3/25/2015,1900000.0,4,2,3020,11489,2,1.0,3.0,5,10,pre1950,98040,47.5395,-122.21,0,1
7900,1068000375,9/23/2014,3200000.0,6,5,7100,18200,2,0.0,0.0,3,13,pre1950,98199,47.6427,-122.40799999999999,1,1
7904,1051000040,4/24/2015,1820000.0,3,2,3330,20053,2,0.0,0.0,3,9,1950_to_1975,98004,47.6395,-122.214,0,0
7926,7159200040,9/17/2014,2900000.0,4,3,4580,4838,2,0.0,3.0,4,11,1975_to_1997,98109,47.6305,-122.354,0,1
7982,9362000040,6/23/2014,3400000.0,3,4,5230,17826,2,1.0,4.0,3,10,1997_to_2015,98040,47.5348,-122.243,0,1
8021,9541600110,4/30/2015,1330000.0,3,2,3590,8400,1,0.0,0.0,3,9,1950_to_1975,98005,47.595,-122.17299999999999,1,1
8034,2025049111,6/19/2014,1440000.0,3,4,3870,3819,2,0.0,0.0,3,11,1997_to_2015,98102,47.6452,-122.31700000000001,0,1
8042,4134300175,4/17/2015,1850000.0,4,2,4120,14866,1,1.0,4.0,3,8,1950_to_1975,98006,47.5571,-122.193,0,1
8061,5317100530,8/27/2014,1480000.0,4,3,3050,6179,2,0.0,0.0,4,9,pre1950,98112,47.6253,-122.28399999999999,0,1
8085,1924059029,6/17/2014,4670000.0,5,7,9640,13068,1,1.0,4.0,3,12,1975_to_1997,98040,47.556999999999995,-122.21,1,1
8129,2597450620,10/9/2014,1510000.0,3,2,4010,12105,1,0.0,3.0,5,11,1975_to_1997,98006,47.553999999999995,-122.15100000000001,0,1
8145,4218400100,9/11/2014,1870000.0,6,3,4460,6952,2,0.0,2.0,4,10,pre1950,98105,47.6626,-122.26899999999999,0,1
8156,1724069079,3/19/2015,1450000.0,2,3,2070,3128,2,1.0,3.0,3,9,1975_to_1997,98075,47.5686,-122.06,0,1
8167,9279700150,2/12/2015,1630000.0,4,4,4410,8112,3,0.0,4.0,3,11,1997_to_2015,98116,47.5888,-122.39200000000001,0,1
8184,3623500205,5/13/2014,2450000.0,4,4,5030,11023,2,0.0,2.0,3,11,1997_to_2015,98040,47.5722,-122.236,0,1
8215,1954700610,12/9/2014,2190000.0,3,2,3360,7108,2,0.0,0.0,3,10,pre1950,98112,47.6187,-122.28399999999999,1,1
8234,3262301355,7/25/2014,1320000.0,3,3,2680,20104,1,0.0,0.0,5,9,1950_to_1975,98039,47.6304,-122.234,0,1
8322,1370801520,5/27/2014,1660000.0,4,4,3080,4815,2,0.0,3.0,3,10,pre1950,98199,47.6417,-122.411,1,1
8330,2770604925,7/15/2014,1300000.0,5,1,1670,6400,2,0.0,0.0,3,8,pre1950,98119,47.6542,-122.37299999999999,0,0
8411,1924059254,5/8/2015,1300000.0,5,4,3490,15246,1,0.0,1.0,4,10,1950_to_1975,98040,47.5479,-122.212,0,1
8436,125069038,11/25/2014,2140000.0,4,4,5150,453895,2,0.0,3.0,3,11,1975_to_1997,98053,47.6795,-121.991,0,1
8531,8964800755,1/16/2015,1590000.0,4,2,3240,11131,1,0.0,0.0,4,9,1950_to_1975,98004,47.6182,-122.215,0,1
8629,3835500195,6/18/2014,4490000.0,4,3,6430,27517,2,0.0,0.0,3,12,1997_to_2015,98004,47.6208,-122.219,0,0
8635,5456000025,12/1/2014,1440000.0,5,4,3420,8000,2,0.0,0.0,3,10,1997_to_2015,98040,47.5736,-122.212,0,0
8683,8835401250,5/6/2015,1490000.0,6,3,4430,6440,2,0.0,3.0,3,10,1950_to_1975,98118,47.5462,-122.265,1,1
8775,3343302110,3/6/2015,1800000.0,3,3,2790,13295,2,1.0,4.0,4,10,pre1950,98006,47.5466,-122.197,0,1
8799,7855200120,5/9/2014,1370000.0,4,3,3720,9450,1,0.0,4.0,5,10,1950_to_1975,98006,47.5627,-122.156,0,1
8829,2524049018,12/5/2014,1410000.0,5,2,3580,16789,2,0.0,0.0,5,9,1950_to_1975,98040,47.5364,-122.23899999999999,0,0
8853,2524049257,9/18/2014,1530000.0,4,2,4250,16940,1,0.0,2.0,4,9,1950_to_1975,98040,47.5453,-122.234,0,1
8897,4219400555,11/24/2014,1330000.0,3,2,2280,5000,2,0.0,3.0,4,9,pre1950,98105,47.6574,-122.27799999999999,0,0
8901,1118001560,7/10/2014,1910000.0,4,3,4460,6833,2,0.0,0.0,3,10,1950_to_1975,98112,47.6342,-122.289,1,1
9035,4151800410,10/31/2014,1350000.0,5,3,3540,5971,1,0.0,2.0,3,10,1997_to_2015,98033,47.6643,-122.20200000000001,0,1
9067,2424059052,7/10/2014,1330000.0,6,4,5720,10213,2,0.0,0.0,3,10,1997_to_2015,98006,47.5464,-122.116,0,1
9103,7352200100,2/24/2015,1360000.0,2,2,2620,14138,2,1.0,4.0,3,8,pre1950,98125,47.7142,-122.277,0,0
9124,2102700025,10/9/2014,1400000.0,5,3,4300,9270,2,0.0,3.0,3,10,1950_to_1975,98116,47.5717,-122.40899999999999,1,1
9166,3124059023,2/13/2015,1960000.0,3,2,3330,12566,1,1.0,4.0,4,8,1950_to_1975,98040,47.5287,-122.22,0,1
9184,3885804390,4/21/2015,1500000.0,4,3,3470,5222,2,0.0,0.0,3,10,1997_to_2015,98033,47.6845,-122.209,0,1
9244,853600150,5/24/2014,1680000.0,4,4,5584,68257,2,0.0,0.0,3,11,1997_to_2015,98014,47.6113,-121.95200000000001,0,0
9245,9208900037,9/19/2014,6890000.0,6,8,9890,31374,2,0.0,4.0,3,13,1997_to_2015,98039,47.6305,-122.24,0,1
9265,4139500410,1/26/2015,1680000.0,6,5,5770,16747,2,0.0,3.0,3,12,1997_to_2015,98006,47.5512,-122.11,0,1
9313,7768700300,12/5/2014,2580000.0,4,4,5540,15408,2,0.0,1.0,3,11,1997_to_2015,98004,47.6071,-122.212,0,1
9314,3536900110,10/9/2014,1360000.0,3,2,2310,21318,1,0.0,0.0,3,10,1975_to_1997,98004,47.6381,-122.22399999999999,0,0
9324,3324079089,11/21/2014,1340000.0,4,4,5050,202554,2,0.0,0.0,3,10,1997_to_2015,98027,47.5269,-121.92200000000001,0,1
9366,226059096,11/18/2014,1570000.0,5,4,5220,67319,2,0.0,0.0,3,11,1997_to_2015,98072,47.7666,-122.12799999999999,0,0
9405,5700003630,6/30/2014,1930000.0,5,4,4830,8050,2,0.0,0.0,4,11,pre1950,98144,47.5789,-122.286,0,1
9440,3472800065,8/26/2014,1700000.0,4,3,3600,9687,2,0.0,0.0,4,9,1950_to_1975,98004,47.6257,-122.208,0,0
9478,6072800205,11/19/2014,2380000.0,4,2,3220,20251,1,0.0,0.0,3,10,1950_to_1975,98006,47.5692,-122.19200000000001,0,0
9510,3401700150,4/23/2015,1350000.0,5,3,5530,38816,2,0.0,2.0,3,10,1950_to_1975,98072,47.7352,-122.116,0,0
9538,868001790,3/16/2015,1300000.0,3,1,2040,7936,1,0.0,3.0,5,8,pre1950,98177,47.7028,-122.385,0,1
9544,9320100090,6/10/2014,1800000.0,5,3,5270,17232,2,0.0,1.0,3,10,1975_to_1997,98040,47.5536,-122.228,1,1
9547,3179100180,5/7/2015,1540000.0,5,3,2920,6960,2,0.0,1.0,3,9,1950_to_1975,98105,47.6712,-122.272,1,1
9564,644000040,4/29/2015,1780000.0,4,3,3950,10912,2,0.0,0.0,3,10,1997_to_2015,98004,47.5877,-122.196,0,0
9599,1337800805,7/3/2014,1760000.0,3,2,2360,4800,2,0.0,0.0,3,9,pre1950,98112,47.6317,-122.31200000000001,0,0
9647,4389200753,8/19/2014,1570000.0,4,3,2810,8570,2,0.0,0.0,3,10,1975_to_1997,98004,47.6159,-122.211,0,0
9649,4217401035,5/7/2015,1480000.0,3,2,3290,5000,2,0.0,0.0,3,9,pre1950,98105,47.6582,-122.28,0,1
9657,1338300180,7/29/2014,1400000.0,4,2,3960,8640,2,0.0,2.0,3,9,pre1950,98112,47.6317,-122.304,0,1
9670,1370800700,2/9/2015,1700000.0,3,4,3910,5350,2,0.0,2.0,5,10,pre1950,98199,47.6393,-122.40799999999999,0,1
9686,524059250,9/22/2014,1390000.0,4,2,3450,17400,2,0.0,0.0,4,9,1950_to_1975,98004,47.5969,-122.206,0,1
9728,4104500181,8/12/2014,1650000.0,4,4,4610,12500,2,0.0,2.0,3,11,1997_to_2015,98033,47.6508,-122.20299999999999,0,0
9826,4094800260,11/26/2014,1730000.0,4,4,4440,20668,2,0.0,2.0,5,10,1950_to_1975,98040,47.5472,-122.235,0,1
9868,1118000935,7/5/2014,1740000.0,4,2,2920,6513,2,0.0,0.0,4,9,pre1950,98112,47.63800000000001,-122.29,0,1
9903,6137500310,2/13/2015,1320000.0,5,4,4420,36342,2,0.0,0.0,5,10,1975_to_1997,98007,47.6468,-122.15100000000001,0,1
9983,6738700335,7/1/2014,1700000.0,4,3,3770,10900,2,0.0,2.0,5,9,pre1950,98144,47.5849,-122.29,0,1
10074,7767000060,9/12/2014,1900000.0,5,4,6510,16471,2,0.0,3.0,4,11,1975_to_1997,98040,47.5758,-122.242,0,1
10087,868002015,2/25/2015,1330000.0,3,2,2960,8330,1,0.0,3.0,4,10,1950_to_1975,98177,47.7035,-122.385,0,1
10100,4217401180,5/30/2014,1370000.0,3,2,2090,6000,2,0.0,0.0,4,9,pre1950,98105,47.6567,-122.281,0,0
10166,1370800935,6/18/2014,1400000.0,3,2,2020,5500,2,0.0,3.0,3,10,pre1950,98199,47.6388,-122.40899999999999,0,1
10233,1689401230,6/25/2014,1360000.0,3,2,2680,4775,2,0.0,2.0,5,8,pre1950,98109,47.6333,-122.34700000000001,0,1
10252,625059036,8/13/2014,2700000.0,5,4,4230,27295,2,1.0,4.0,3,8,pre1950,98033,47.6803,-122.214,0,1
10267,1441600160,7/23/2014,1300000.0,4,3,4120,14021,2,0.0,0.0,3,11,1997_to_2015,98075,47.5985,-122.02600000000001,0,0
10362,3303850390,12/12/2014,2980000.0,5,6,7400,18898,2,0.0,3.0,3,13,1997_to_2015,98006,47.5431,-122.11200000000001,0,1
10379,5316100106,10/10/2014,1400000.0,3,2,2560,3600,2,0.0,0.0,3,9,1950_to_1975,98112,47.632,-122.279,0,1
10394,3885804260,10/24/2014,1380000.0,4,4,3500,9523,2,0.0,0.0,3,10,1975_to_1997,98033,47.6848,-122.208,0,1
10435,1118000320,5/8/2015,3400000.0,4,4,4260,11765,2,0.0,0.0,3,11,pre1950,98112,47.63800000000001,-122.288,1,1
10454,333100295,11/24/2014,3120000.0,3,4,4490,56609,2,1.0,4.0,3,12,1975_to_1997,98034,47.6997,-122.24,0,0
10457,1732800310,3/2/2015,2000000.0,4,4,2870,4500,2,0.0,3.0,3,10,1997_to_2015,98119,47.6291,-122.363,0,1
10487,8712100350,9/9/2014,1350000.0,4,3,3030,5164,2,0.0,0.0,5,9,pre1950,98112,47.6394,-122.29899999999999,0,1
10492,6669200200,3/19/2015,1500000.0,5,3,2590,11500,1,0.0,2.0,4,9,1950_to_1975,98040,47.545,-122.229,0,0
10513,8146200070,3/10/2015,1700000.0,5,3,3810,9360,2,0.0,0.0,3,10,1997_to_2015,98004,47.6039,-122.194,0,0
10514,624069050,4/7/2015,1570000.0,4,4,5370,323215,2,0.0,0.0,3,10,1997_to_2015,98075,47.6003,-122.07600000000001,0,0
10527,1623069046,3/12/2015,1700000.0,4,4,4070,336283,2,0.0,0.0,3,11,1997_to_2015,98027,47.478,-122.038,0,0
10685,486000510,5/23/2014,1330000.0,4,3,3370,7920,1,0.0,3.0,3,10,1975_to_1997,98117,47.6773,-122.40299999999999,0,0
10754,269001331,9/9/2014,1310000.0,5,2,3200,7863,1,0.0,3.0,5,8,1950_to_1975,98199,47.6398,-122.39,0,1
10805,4139480350,1/13/2015,1690000.0,4,4,5000,12941,3,0.0,2.0,3,12,1997_to_2015,98006,47.55,-122.103,0,0
10828,6117502220,11/17/2014,1580000.0,3,3,2610,22672,2,1.0,4.0,4,8,1950_to_1975,98166,47.4414,-122.354,0,0
10901,2954400310,9/15/2014,1770000.0,4,4,5440,38900,2,0.0,0.0,3,12,1975_to_1997,98053,47.6605,-122.069,0,0
10937,8085400055,4/28/2015,1580000.0,4,2,3980,16304,1,0.0,1.0,3,10,1950_to_1975,98004,47.638999999999996,-122.21,0,1
10939,853600310,8/28/2014,1610000.0,5,4,6085,142725,3,0.0,0.0,3,11,1997_to_2015,98014,47.6085,-121.95200000000001,0,0
10946,1652500060,7/11/2014,1650000.0,8,3,4040,20666,1,0.0,0.0,4,9,1950_to_1975,98004,47.63399999999999,-122.221,0,1
10967,1925059200,4/7/2015,1560000.0,4,2,2700,17853,2,0.0,0.0,4,9,1950_to_1975,98004,47.6463,-122.219,0,0
10970,1330300451,12/17/2014,1570000.0,3,2,2190,8500,1,0.0,0.0,4,9,1950_to_1975,98112,47.64,-122.285,0,0
11006,7153200160,1/14/2015,1380000.0,5,3,3450,6360,2,0.0,0.0,5,9,pre1950,98122,47.6133,-122.287,0,1
11061,5154700060,10/15/2014,1660000.0,4,3,3520,19200,1,1.0,4.0,4,9,1950_to_1975,98136,47.525,-122.39299999999999,0,1
11081,3179100055,12/9/2014,1300000.0,5,4,3700,8504,2,0.0,0.0,3,8,pre1950,98105,47.669,-122.275,1,1
11093,4054530260,6/27/2014,1820000.0,4,4,6640,53330,2,0.0,0.0,3,12,1975_to_1997,98077,47.7283,-122.046,0,0
11195,191100672,5/27/2014,1380000.0,4,4,3160,9525,2,0.0,0.0,3,10,1975_to_1997,98040,47.5623,-122.221,0,0
11205,8964800695,3/27/2015,1450000.0,3,2,2230,13529,1,0.0,0.0,3,9,pre1950,98004,47.6204,-122.21700000000001,0,0
11213,6613000935,5/13/2014,2560000.0,4,2,5300,26211,2,1.0,2.0,2,10,pre1950,98105,47.661,-122.26899999999999,0,1
11214,4054530240,4/27/2015,1400000.0,4,4,4380,66613,2,0.0,0.0,3,11,1975_to_1997,98077,47.7279,-122.04799999999999,0,0
11221,2655500241,8/14/2014,1700000.0,3,3,4160,35153,3,0.0,2.0,3,12,1997_to_2015,98040,47.5749,-122.214,0,1
11245,3761100045,6/18/2014,3000000.0,4,4,4850,12445,2,1.0,4.0,5,10,1975_to_1997,98034,47.7011,-122.244,0,1
11255,3536900030,2/9/2015,1600000.0,3,3,3040,21052,2,0.0,0.0,4,10,1975_to_1997,98004,47.63800000000001,-122.225,0,0
11256,328000160,12/11/2014,1400000.0,5,4,3700,7920,3,0.0,4.0,3,9,1975_to_1997,98115,47.6865,-122.266,0,1
11266,3025300226,5/15/2014,2100000.0,4,2,3550,19865,2,0.0,0.0,3,9,1950_to_1975,98039,47.6236,-122.235,1,0
11272,5078400160,6/5/2014,1800000.0,5,4,4400,15580,2,0.0,0.0,3,11,1997_to_2015,98004,47.6232,-122.20700000000001,0,1
11386,2154500060,12/3/2014,1710000.0,5,3,4290,17100,1,0.0,3.0,3,9,1950_to_1975,98040,47.5473,-122.211,1,1
11390,3426049284,8/19/2014,2300000.0,4,3,4110,15929,2,1.0,4.0,3,12,1997_to_2015,98115,47.6934,-122.271,0,1
11401,9472200060,11/5/2014,1300000.0,3,3,3340,12690,1,0.0,0.0,3,10,1950_to_1975,98105,47.6665,-122.27,0,1
11434,624069035,12/9/2014,2750000.0,4,4,4130,5575,2,1.0,4.0,4,10,1975_to_1997,98075,47.5968,-122.083,0,1
11453,4218400671,5/5/2015,1660000.0,4,2,3530,5500,2,0.0,0.0,3,8,pre1950,98105,47.6618,-122.273,0,1
11476,2883200139,3/6/2015,1330000.0,4,4,2170,3672,2,0.0,0.0,3,9,pre1950,98115,47.6828,-122.329,0,0
11523,8964800890,1/9/2015,3200000.0,3,3,4560,13363,1,0.0,4.0,3,11,1975_to_1997,98004,47.6205,-122.214,0,1
11560,6645950070,4/1/2015,1450000.0,4,4,5000,38012,2,0.0,0.0,3,11,1997_to_2015,98029,47.553999999999995,-122.036,0,1
11562,1336800240,5/8/2014,1750000.0,6,3,3510,5760,2,0.0,0.0,4,10,pre1950,98112,47.6263,-122.31200000000001,0,0
11594,4139910030,3/2/2015,1300000.0,5,2,4170,33310,2,0.0,0.0,4,11,1975_to_1997,98006,47.5455,-122.126,0,0
11608,1069000070,4/15/2015,2800000.0,5,3,4590,12793,2,0.0,2.0,5,11,pre1950,98199,47.6453,-122.41,0,1
11661,46100350,6/30/2014,1730000.0,5,4,5000,26540,2,0.0,3.0,3,10,1997_to_2015,98040,47.5665,-122.21,0,1
11664,7419500200,4/1/2015,1420000.0,5,3,3950,11438,2,0.0,2.0,3,10,1997_to_2015,98033,47.6898,-122.189,0,1
11674,6096500105,4/30/2015,1550000.0,4,2,2640,3000,2,0.0,0.0,3,7,pre1950,98109,47.6313,-122.344,0,1
11683,5699000070,5/28/2014,1400000.0,4,3,2980,7000,2,0.0,3.0,3,10,pre1950,98144,47.5933,-122.292,1,1
11703,486000520,6/6/2014,1370000.0,2,2,2460,16940,2,0.0,4.0,4,9,pre1950,98117,47.6792,-122.404,0,1
11717,2303900045,6/23/2014,1580000.0,4,2,4570,74487,2,0.0,4.0,5,12,pre1950,98177,47.7282,-122.37200000000001,0,0
11736,3629940160,3/11/2015,2200000.0,5,4,5840,17168,2,0.0,0.0,3,12,1997_to_2015,98029,47.5457,-121.991,0,1
11758,3592500800,10/18/2014,1850000.0,5,3,3680,6060,2,0.0,0.0,5,9,pre1950,98112,47.6341,-122.304,0,1
11817,4139420640,10/30/2014,1790000.0,4,4,5490,14300,1,0.0,4.0,3,12,1975_to_1997,98006,47.5511,-122.11399999999999,0,1
11825,4139910160,4/1/2015,1600000.0,5,3,4320,32840,2,0.0,0.0,3,12,1975_to_1997,98006,47.5461,-122.12200000000001,0,0
11831,2450500060,8/26/2014,1620000.0,4,3,3820,8114,2,0.0,0.0,3,10,1997_to_2015,98004,47.5837,-122.194,0,0
11843,1118001360,2/18/2015,1480000.0,3,3,3910,7080,1,0.0,0.0,5,9,pre1950,98112,47.6324,-122.289,0,1
11859,8835800350,1/12/2015,1950000.0,4,3,7420,167869,2,0.0,3.0,3,12,1997_to_2015,98045,47.4548,-121.764,0,0
11862,3931900510,8/29/2014,1400000.0,4,2,4070,7800,3,0.0,0.0,4,8,1997_to_2015,98115,47.6838,-122.32700000000001,0,1
11866,2288900140,12/18/2014,1620000.0,3,4,3490,4000,2,0.0,0.0,3,9,1997_to_2015,98112,47.6385,-122.281,0,1
11912,9831200520,10/6/2014,1440000.0,4,3,3720,5000,2,0.0,0.0,5,9,pre1950,98102,47.6282,-122.322,0,1
11940,2260300060,4/10/2015,2580000.0,5,3,4780,20440,1,0.0,0.0,4,10,1950_to_1975,98039,47.6242,-122.23899999999999,0,1
11963,1118000340,4/8/2015,3000000.0,5,4,4590,11265,2,0.0,0.0,4,11,pre1950,98112,47.6389,-122.288,0,1
11986,2068000270,8/5/2014,1400000.0,5,3,3850,14990,1,0.0,0.0,4,9,1950_to_1975,98004,47.6425,-122.21799999999999,0,1
11993,1959700445,7/25/2014,1300000.0,4,2,4060,5500,2,0.0,0.0,5,9,pre1950,98102,47.6437,-122.321,0,1
12006,8964800390,5/8/2014,1500000.0,3,2,2430,12757,1,0.0,2.0,4,8,1950_to_1975,98004,47.6201,-122.209,0,1
12088,8655000070,6/1/2014,1600000.0,5,3,3640,8239,2,0.0,3.0,3,10,1975_to_1997,98008,47.5842,-122.111,0,1
12092,4232900310,10/29/2014,1430000.0,5,4,3350,3600,2,0.0,0.0,3,10,1997_to_2015,98119,47.6351,-122.36399999999999,0,1
12174,4107100204,8/21/2014,2140000.0,4,3,3860,17820,1,0.0,4.0,4,10,1950_to_1975,98004,47.6224,-122.215,0,1
12176,5350201180,7/20/2014,1670000.0,4,4,3450,8395,2,0.0,4.0,4,10,1975_to_1997,98122,47.6134,-122.28200000000001,0,1
12192,1193000390,6/20/2014,1300000.0,5,4,3366,7800,2,0.0,2.0,3,8,pre1950,98199,47.6466,-122.391,0,1
12205,824059324,3/25/2015,1450000.0,4,4,3720,8301,2,0.0,0.0,3,10,1997_to_2015,98004,47.5885,-122.199,0,1
12213,1251200045,6/20/2014,1460000.0,5,3,3840,4800,3,0.0,3.0,3,10,1997_to_2015,98144,47.5929,-122.29,0,1
12224,1025039320,4/27/2015,1310000.0,4,4,3440,5000,2,0.0,0.0,3,11,1997_to_2015,98199,47.6672,-122.40899999999999,0,1
12271,1923000260,10/15/2014,1960000.0,5,4,6200,23373,3,0.0,1.0,4,11,1975_to_1997,98040,47.5632,-122.215,0,1
12275,1651800030,8/29/2014,1650000.0,4,2,2920,20400,1,0.0,0.0,4,11,1950_to_1975,98004,47.6237,-122.228,0,0
12283,3738000070,3/9/2015,1710000.0,5,2,2660,6572,1,0.0,0.0,5,9,1950_to_1975,98039,47.6176,-122.223,0,1
12337,1251200055,6/26/2014,1340000.0,4,4,3190,5040,2,0.0,3.0,3,10,1997_to_2015,98144,47.5928,-122.29,0,1
12338,8964800860,2/9/2015,1650000.0,4,2,2780,11904,1,0.0,1.0,5,8,1950_to_1975,98004,47.6209,-122.21600000000001,0,1
12353,5451300117,4/22/2015,1550000.0,4,4,5280,17677,2,0.0,3.0,3,11,1975_to_1997,98040,47.5323,-122.238,0,1
12358,6065300370,5/6/2015,4210000.0,5,6,7440,21540,2,0.0,0.0,3,12,1997_to_2015,98006,47.5692,-122.189,0,1
12447,4114601580,7/24/2014,1900000.0,6,4,3020,13237,2,1.0,4.0,3,8,pre1950,98144,47.5924,-122.287,0,1
12497,249000180,12/1/2014,1890000.0,4,4,4285,9345,2,0.0,0.0,3,10,1997_to_2015,98004,47.6332,-122.199,0,0
12565,2806300065,4/22/2015,1960000.0,4,4,4430,31353,2,0.0,0.0,3,12,1997_to_2015,98005,47.6422,-122.15700000000001,0,0
12597,269000970,4/2/2015,1300000.0,5,4,4450,7680,2,0.0,0.0,3,9,1997_to_2015,98199,47.6418,-122.39200000000001,0,1
12601,3225069241,4/22/2015,2000000.0,3,2,3490,21064,1,1.0,4.0,3,10,1950_to_1975,98074,47.6092,-122.073,0,1
12636,7490000040,7/18/2014,2540000.0,5,3,3730,10626,1,0.0,4.0,4,10,1950_to_1975,98004,47.623999999999995,-122.221,0,0
12638,809001520,11/5/2014,1850000.0,4,3,3480,6000,3,0.0,0.0,3,8,1997_to_2015,98109,47.6353,-122.353,0,0
12669,5460500040,4/21/2015,1300000.0,5,4,4440,9270,1,0.0,0.0,5,10,1950_to_1975,98040,47.5708,-122.212,0,1
12692,2804600155,5/7/2015,1350000.0,4,2,2000,3728,2,0.0,0.0,4,9,pre1950,98112,47.643,-122.29899999999999,0,1
12700,853200040,4/28/2015,2410000.0,5,2,4600,23250,2,0.0,2.0,3,9,pre1950,98004,47.62300000000001,-122.21799999999999,1,1
12764,1225069038,5/5/2014,2280000.0,7,8,13540,307752,3,0.0,4.0,3,12,1997_to_2015,98053,47.6675,-121.986,0,1
12805,2397100975,2/20/2015,1310000.0,6,3,2980,7200,2,0.0,2.0,3,8,pre1950,98119,47.6366,-122.36200000000001,0,0
12813,3025059072,7/25/2014,1750000.0,4,2,3910,22710,2,0.0,0.0,3,8,pre1950,98004,47.6295,-122.21700000000001,1,0
12841,1732800865,10/2/2014,1300000.0,4,2,3470,4160,2,0.0,0.0,3,9,pre1950,98119,47.63,-122.363,0,1
12859,2424049029,5/29/2014,3100000.0,6,4,6980,15682,3,0.0,4.0,4,12,1997_to_2015,98040,47.5552,-122.23100000000001,0,1
12871,3861470120,11/26/2014,1610000.0,4,3,4270,25807,2,0.0,0.0,3,11,1975_to_1997,98004,47.5951,-122.206,0,0
13007,1118001201,1/30/2015,2300000.0,4,2,3370,8402,1,0.0,0.0,5,10,1950_to_1975,98112,47.6349,-122.29,0,1
13055,7856410411,9/22/2014,1700000.0,4,4,3860,15246,2,0.0,4.0,3,11,1997_to_2015,98006,47.56,-122.161,0,1
13058,1118001215,2/4/2015,2250000.0,3,2,3420,8700,1,0.0,0.0,3,9,1950_to_1975,98112,47.6352,-122.29,0,1
13176,5093300325,5/23/2014,1610000.0,4,4,4390,11600,2,0.0,3.0,3,11,1975_to_1997,98040,47.5862,-122.24600000000001,0,1
13183,5493100366,6/25/2014,1700000.0,5,4,5850,22885,2,0.0,2.0,4,11,1975_to_1997,98004,47.606,-122.211,0,1
13222,3262300322,4/8/2015,1650000.0,4,3,3640,13530,1,0.0,0.0,3,9,pre1950,98039,47.6293,-122.238,0,1
13243,1954700410,8/1/2014,2550000.0,4,3,4190,8805,2,0.0,2.0,5,9,pre1950,98112,47.6181,-122.28399999999999,0,1
13254,5425700205,5/20/2014,1800000.0,4,4,4460,16953,1,0.0,0.0,3,9,1950_to_1975,98039,47.6338,-122.23200000000001,0,1
13258,2524049318,5/28/2014,2000000.0,4,3,4260,18000,2,0.0,2.0,3,11,1997_to_2015,98040,47.5355,-122.24,0,0
13267,1068000150,5/1/2015,2000000.0,4,3,3910,7500,2,0.0,2.0,4,11,pre1950,98199,47.6448,-122.40899999999999,0,1
13281,4219400580,6/12/2014,1690000.0,4,2,3000,7500,2,0.0,0.0,3,9,pre1950,98105,47.6571,-122.277,0,0
13386,5093301285,3/27/2015,1580000.0,4,2,2900,10500,1,0.0,3.0,5,8,1950_to_1975,98040,47.5838,-122.24600000000001,0,1
13387,1524069044,10/9/2014,1820000.0,4,4,6380,88714,2,0.0,0.0,3,12,1997_to_2015,98029,47.5592,-122.015,0,0
13398,2426039123,1/30/2015,2420000.0,5,5,7880,24250,2,0.0,2.0,3,13,1975_to_1997,98177,47.7334,-122.36200000000001,0,0
13406,2525049246,10/17/2014,1550000.0,2,2,2950,15593,1,0.0,0.0,4,8,pre1950,98039,47.6209,-122.236,0,1
13478,1336800065,3/24/2015,1330000.0,4,2,3260,4640,2,0.0,0.0,5,9,pre1950,98112,47.6272,-122.31200000000001,0,1
13479,9413900035,1/9/2015,1650000.0,4,3,3910,7500,2,0.0,0.0,3,10,1997_to_2015,98033,47.6527,-122.198,0,0
13515,3025059124,8/28/2014,3170000.0,5,4,4330,11979,1,0.0,4.0,3,12,1997_to_2015,98004,47.6251,-122.21799999999999,0,1
13529,251500330,10/14/2014,1780000.0,3,2,4320,19225,1,0.0,0.0,4,10,1950_to_1975,98004,47.6368,-122.21600000000001,0,1
13535,6762700515,4/21/2015,1480000.0,3,2,2570,5000,2,0.0,0.0,3,11,1975_to_1997,98102,47.6295,-122.32,0,0
13608,2525049266,8/21/2014,1760000.0,3,2,3060,16000,2,0.0,0.0,3,10,1975_to_1997,98039,47.6189,-122.23,0,0
13620,3528900401,7/1/2014,1640000.0,3,3,3140,5445,2,0.0,3.0,4,10,pre1950,98109,47.6406,-122.34700000000001,0,1
13662,4389201075,7/31/2014,1900000.0,4,2,3680,13351,2,0.0,2.0,5,9,pre1950,98004,47.6154,-122.214,0,0
13687,4139900180,4/20/2015,2340000.0,4,2,4500,35200,1,0.0,0.0,3,13,1975_to_1997,98006,47.5477,-122.126,0,0
13697,2923500230,12/16/2014,2600000.0,4,4,5270,12195,2,1.0,4.0,3,11,1975_to_1997,98027,47.5696,-122.09,0,1
13715,9578050120,8/8/2014,1330000.0,4,2,4010,37076,2,0.0,0.0,4,12,1975_to_1997,98052,47.7139,-122.10600000000001,0,0
13745,3220200040,6/16/2014,1710000.0,3,3,2940,5432,3,0.0,3.0,4,10,1975_to_1997,98109,47.6299,-122.354,0,1
13757,1795800040,9/3/2014,1350000.0,4,3,5370,20388,2,0.0,4.0,4,11,1975_to_1997,98198,47.405,-122.331,0,0
13774,5035300325,4/14/2015,1810000.0,3,2,2910,15626,2,0.0,0.0,4,9,pre1950,98199,47.6534,-122.412,0,1
13838,5461300150,12/11/2014,1800000.0,5,3,2880,20274,1,0.0,3.0,4,9,1950_to_1975,98004,47.6267,-122.22200000000001,0,1
13856,824059042,5/30/2014,1890000.0,5,4,4180,17935,2,0.0,0.0,3,11,1997_to_2015,98004,47.5873,-122.20200000000001,0,0
13954,3126059023,3/3/2015,3400000.0,4,4,4730,47870,1,1.0,4.0,3,10,1950_to_1975,98033,47.6967,-122.21600000000001,0,1
13971,4094800120,6/19/2014,1820000.0,5,3,3880,13000,2,0.0,0.0,3,10,1950_to_1975,98040,47.5467,-122.234,1,0
14000,1336800880,8/22/2014,1400000.0,4,2,3780,5160,2,0.0,0.0,4,9,pre1950,98112,47.6275,-122.30799999999999,0,1
14017,5316101075,9/26/2014,2890000.0,7,3,5350,14400,2,0.0,0.0,4,10,pre1950,98112,47.6295,-122.285,0,1
14019,3459900230,11/25/2014,1680000.0,4,4,7620,29536,2,0.0,3.0,3,11,1997_to_2015,98006,47.5571,-122.14,0,1
14039,7397300220,5/29/2014,2750000.0,4,3,4430,21000,2,0.0,0.0,3,10,1950_to_1975,98039,47.6398,-122.23700000000001,1,0
14070,3625059043,9/4/2014,3300000.0,5,5,6200,13873,2,1.0,4.0,4,11,1975_to_1997,98008,47.605,-122.11200000000001,0,1
14083,1338800365,5/7/2014,1500000.0,6,2,3560,6480,2,0.0,0.0,4,11,pre1950,98112,47.626999999999995,-122.304,0,0
14126,6065300330,6/20/2014,2110000.0,3,2,3230,17833,2,0.0,0.0,4,9,1950_to_1975,98006,47.5683,-122.18799999999999,0,0
14172,1333300145,3/4/2015,2230000.0,3,4,4200,30120,2,0.0,2.0,4,11,pre1950,98112,47.6379,-122.311,0,1
14186,1370803460,5/7/2014,1340000.0,3,3,2960,5500,2,0.0,2.0,3,10,pre1950,98199,47.6356,-122.402,0,1
14219,824059305,1/8/2015,2200000.0,5,4,5840,11652,2,0.0,1.0,3,11,1975_to_1997,98004,47.5835,-122.20200000000001,0,1
14220,5318101565,7/3/2014,1630000.0,4,3,2980,3600,2,0.0,0.0,3,9,1997_to_2015,98112,47.6352,-122.28399999999999,0,1
14241,2425049107,3/5/2015,1950000.0,4,4,4150,17424,1,0.0,0.0,3,9,1950_to_1975,98039,47.638999999999996,-122.236,0,1
14284,7237500360,11/6/2014,1500000.0,4,4,5550,12968,2,0.0,0.0,3,11,1997_to_2015,98059,47.5305,-122.135,0,0
14294,3528000040,10/1/2014,1690000.0,3,3,5290,224442,2,0.0,0.0,4,11,1975_to_1997,98053,47.6671,-122.051,0,1
14295,3528000040,3/26/2015,1800000.0,3,3,5290,224442,2,0.0,0.0,4,11,1975_to_1997,98053,47.6671,-122.051,0,1
14339,9471201175,5/6/2014,1580000.0,4,3,3760,10920,2,0.0,0.0,5,9,pre1950,98105,47.6687,-122.264,0,1
14372,2425049061,8/25/2014,2200000.0,3,2,3570,30456,1,0.0,1.0,3,8,pre1950,98039,47.6413,-122.24,0,1
14406,629800540,9/9/2014,1500000.0,4,4,5020,26319,2,0.0,0.0,3,12,1997_to_2015,98074,47.6008,-122.01,0,0
14499,6169900790,6/20/2014,2400000.0,6,4,5480,10800,2,0.0,3.0,4,9,1997_to_2015,98119,47.6307,-122.367,0,1
14536,632000065,6/11/2014,1990000.0,3,2,2880,13500,1,0.0,4.0,5,8,pre1950,98004,47.6281,-122.21600000000001,0,1
14542,2303900035,6/11/2014,2890000.0,5,6,8670,64033,2,0.0,4.0,3,13,1950_to_1975,98177,47.7295,-122.37200000000001,0,1
14605,7936500109,7/25/2014,2230000.0,3,3,3620,28064,2,1.0,4.0,5,10,1975_to_1997,98136,47.5516,-122.398,0,1
14625,8835900220,8/28/2014,1440000.0,2,2,2720,16637,1,0.0,3.0,3,10,1950_to_1975,98118,47.5499,-122.264,0,1
14633,1234000704,4/3/2015,1380000.0,5,4,3680,8680,2,0.0,0.0,3,9,1997_to_2015,98033,47.6575,-122.197,0,0
14667,4139910180,1/14/2015,1480000.0,5,4,4770,31570,2,0.0,0.0,3,12,1975_to_1997,98006,47.5468,-122.12299999999999,0,0
14668,7278100515,8/21/2014,1300000.0,2,2,2910,19449,2,1.0,4.0,5,9,1975_to_1997,98177,47.7729,-122.39299999999999,0,1
14671,98000150,1/2/2015,1470000.0,4,4,4930,22093,2,0.0,3.0,3,12,1997_to_2015,98075,47.5874,-121.965,0,0
14760,9412400220,7/10/2014,1610000.0,4,3,5470,18200,2,1.0,4.0,3,11,1975_to_1997,98118,47.5316,-122.26299999999999,0,1
14802,1525059261,5/5/2015,1900000.0,5,4,5160,44315,2,0.0,0.0,3,12,1975_to_1997,98005,47.6568,-122.154,0,0
14808,3623500408,3/30/2015,2600000.0,3,3,3410,16015,2,1.0,4.0,4,10,1950_to_1975,98040,47.5721,-122.23899999999999,0,1
14851,2617900035,12/1/2014,1520000.0,6,4,3720,11690,2,0.0,0.0,3,10,1997_to_2015,98040,47.5699,-122.226,0,0
14909,6613000715,7/21/2014,1340000.0,4,3,2760,4905,2,0.0,1.0,4,9,pre1950,98105,47.6591,-122.27,0,1
14926,3627800050,7/15/2014,1380000.0,5,4,3760,22763,1,0.0,3.0,4,11,1950_to_1975,98040,47.5333,-122.22,0,1
14939,2344300170,8/15/2014,1500000.0,5,4,4370,12240,2,0.0,0.0,3,11,1975_to_1997,98004,47.582,-122.199,0,1
14947,5700003810,7/23/2014,1480000.0,4,2,3920,7200,2,0.0,0.0,3,10,pre1950,98144,47.5731,-122.28399999999999,0,1
14958,1336800670,12/29/2014,1430000.0,5,3,2840,6240,2,0.0,0.0,5,9,pre1950,98112,47.6285,-122.309,0,1
14981,4054550010,4/13/2015,1640000.0,5,4,4780,118047,2,0.0,0.0,3,11,1975_to_1997,98077,47.7243,-122.052,0,0
15008,2210500010,9/30/2014,2450000.0,7,4,4670,23115,2,0.0,2.0,3,11,1975_to_1997,98039,47.6183,-122.227,0,0
15024,1370800680,3/24/2015,1300000.0,3,3,3450,5350,2,0.0,3.0,4,9,pre1950,98199,47.6389,-122.40700000000001,0,1
15025,2726049034,11/10/2014,2000000.0,3,3,2610,16387,2,0.0,4.0,3,9,1997_to_2015,98125,47.7175,-122.27799999999999,0,0
15035,8924600020,11/14/2014,1540000.0,4,4,5770,10050,1,0.0,3.0,5,9,pre1950,98115,47.677,-122.275,0,1
15058,251610020,5/8/2015,1580000.0,4,3,3480,19991,2,0.0,2.0,4,10,1975_to_1997,98004,47.6354,-122.214,0,1
15104,3616600250,5/27/2014,1600000.0,3,3,3790,19000,2,0.0,4.0,3,10,1975_to_1997,98177,47.724,-122.37299999999999,0,0
15121,8964800050,3/4/2015,1770000.0,3,2,2580,14603,1,0.0,2.0,4,9,1950_to_1975,98004,47.6199,-122.212,0,0
15138,1370800225,3/18/2015,2150000.0,4,3,3840,6214,2,0.0,3.0,4,10,pre1950,98199,47.6388,-122.406,0,1
15144,5493110020,1/16/2015,1950000.0,4,3,4020,18745,2,0.0,4.0,4,10,1975_to_1997,98004,47.6042,-122.21,0,1
15152,3304700130,1/28/2015,1760000.0,4,4,3860,67953,2,0.0,2.0,4,12,pre1950,98177,47.7469,-122.37799999999999,0,0
15166,9185700285,12/23/2014,2200000.0,4,4,3790,7200,2,0.0,0.0,3,10,pre1950,98112,47.6264,-122.289,0,1
15190,3835500585,10/16/2014,1900000.0,4,3,4280,12668,2,0.0,0.0,3,9,pre1950,98004,47.6185,-122.219,1,1
15199,1651800010,7/2/2014,1300000.0,4,2,2610,21600,1,0.0,0.0,4,8,1950_to_1975,98004,47.6245,-122.227,0,0
15215,1326059142,10/28/2014,1400000.0,4,3,3520,128502,2,0.0,2.0,4,10,1975_to_1997,98072,47.7448,-122.117,0,0
15231,629000605,2/27/2015,1400000.0,3,2,2910,10044,2,0.0,0.0,4,10,1975_to_1997,98004,47.5845,-122.199,0,0
15232,5536100005,8/8/2014,2300000.0,7,5,5310,8816,2,0.0,0.0,3,10,1997_to_2015,98004,47.6221,-122.208,0,1
15241,2425049063,9/11/2014,3640000.0,4,3,4830,22257,2,1.0,4.0,4,11,1975_to_1997,98039,47.6409,-122.241,0,0
15244,1732800780,2/12/2015,3070000.0,5,3,4150,7500,2,0.0,4.0,5,11,pre1950,98119,47.6303,-122.36200000000001,0,1
15249,629800660,9/9/2014,1680000.0,4,5,4790,25412,2,0.0,0.0,3,12,1997_to_2015,98074,47.603,-122.012,0,0
15283,6169900545,6/25/2014,1330000.0,3,2,1940,2885,2,0.0,2.0,3,8,pre1950,98119,47.6308,-122.369,0,0
15314,1257200050,7/31/2014,1310000.0,5,4,3270,4080,2,0.0,0.0,3,9,1997_to_2015,98115,47.6754,-122.32700000000001,0,0
15333,4139900050,5/19/2014,1470000.0,4,3,5010,34460,2,0.0,0.0,3,12,1975_to_1997,98006,47.5469,-122.12700000000001,0,0
15363,1568100920,4/8/2015,1950000.0,4,2,3440,14554,2,0.0,4.0,3,8,1997_to_2015,98155,47.7364,-122.286,0,1
15401,777100005,11/22/2014,1650000.0,3,2,2750,6203,1,1.0,4.0,5,7,1950_to_1975,98074,47.6163,-122.068,0,1
15416,9550202140,11/17/2014,1310000.0,4,4,3490,5625,2,0.0,0.0,3,9,1997_to_2015,98103,47.6685,-122.33200000000001,0,1
15468,624069108,8/12/2014,3200000.0,4,3,7000,28206,1,1.0,4.0,4,12,1975_to_1997,98075,47.5928,-122.086,0,1
15498,4030100005,12/9/2014,1800000.0,5,4,4320,39094,2,1.0,4.0,3,8,pre1950,98155,47.7519,-122.27600000000001,0,0
15539,1732801150,7/1/2014,2300000.0,4,5,3970,9778,2,0.0,2.0,4,11,pre1950,98119,47.6312,-122.366,0,1
15553,5493110080,8/15/2014,1830000.0,3,4,6030,39317,2,0.0,0.0,3,11,1975_to_1997,98004,47.6055,-122.21,0,1
15578,5093300280,7/9/2014,1680000.0,5,5,4830,18707,2,0.0,1.0,5,9,1950_to_1975,98040,47.5858,-122.24700000000001,0,1
15618,3625049088,7/2/2014,2270000.0,4,3,4040,18916,1,0.0,0.0,4,9,1950_to_1975,98039,47.6155,-122.238,0,0
15653,1118001835,12/23/2014,1720000.0,4,2,3070,7207,2,0.0,0.0,4,10,pre1950,98112,47.6325,-122.29,0,1
15654,4030100290,10/1/2014,1680000.0,5,4,5170,7197,3,1.0,4.0,3,11,1997_to_2015,98155,47.7561,-122.271,0,1
15665,5026900235,9/11/2014,1850000.0,4,3,2910,1880,2,0.0,3.0,5,9,pre1950,98122,47.61600000000001,-122.28200000000001,0,1
15678,6117502230,12/1/2014,1640000.0,3,4,4660,21164,2,1.0,4.0,3,12,1950_to_1975,98166,47.4418,-122.354,0,0
15708,9315600050,3/17/2015,1680000.0,5,3,4560,19080,1,0.0,0.0,5,9,1950_to_1975,98004,47.6291,-122.226,0,1
15750,4219401236,5/20/2014,1690000.0,3,2,3400,8965,1,0.0,2.0,5,9,1950_to_1975,98105,47.6569,-122.273,0,1
15784,1525069134,3/12/2015,1300000.0,4,4,3790,90169,2,0.0,0.0,3,11,1997_to_2015,98053,47.6587,-122.022,0,0
15814,4139420190,5/12/2015,2480000.0,4,5,5310,16909,1,0.0,4.0,3,12,1975_to_1997,98006,47.5515,-122.113,0,1
15821,5317100780,5/12/2014,1300000.0,4,3,2330,9687,2,0.0,3.0,3,9,pre1950,98112,47.6264,-122.28299999999999,0,0
15826,7351200050,12/18/2014,1340000.0,4,2,2300,13342,2,1.0,4.0,3,7,pre1950,98125,47.7308,-122.28200000000001,0,0
15834,5608000190,7/14/2014,1520000.0,5,4,5930,13288,2,0.0,2.0,3,11,1975_to_1997,98027,47.5542,-122.09700000000001,0,1
15860,7403200050,11/13/2014,1600000.0,3,2,3370,23065,1,1.0,4.0,3,10,1975_to_1997,98028,47.7434,-122.26299999999999,0,1
15878,4389200876,7/1/2014,1570000.0,4,3,2970,12750,2,0.0,1.0,4,7,pre1950,98004,47.6135,-122.213,0,1
15898,98000130,3/24/2015,1430000.0,4,5,4630,24054,2,0.0,3.0,3,11,1997_to_2015,98075,47.586999999999996,-121.96600000000001,0,0
15910,7533800170,7/7/2014,1640000.0,3,2,3110,6765,2,0.0,1.0,4,9,pre1950,98115,47.6886,-122.27600000000001,0,1
15990,4122900190,5/12/2014,1350000.0,5,2,3380,20021,1,0.0,0.0,4,8,1950_to_1975,98004,47.6395,-122.211,0,1
16011,1370801440,3/25/2015,1400000.0,4,2,3520,7815,2,0.0,3.0,3,10,pre1950,98199,47.6429,-122.412,0,1
16024,4139420430,6/11/2014,1370000.0,5,4,4210,17258,2,0.0,3.0,3,12,1975_to_1997,98006,47.553000000000004,-122.11399999999999,0,0
16067,3885801190,7/30/2014,1390000.0,4,4,3230,7200,1,0.0,1.0,3,10,1997_to_2015,98033,47.6838,-122.212,0,1
16092,4385700425,5/5/2014,1430000.0,2,2,2220,4000,2,0.0,0.0,3,9,1997_to_2015,98112,47.6364,-122.28,0,0
16106,2574900080,5/13/2014,1550000.0,5,3,3370,17458,1,0.0,2.0,5,10,1975_to_1997,98040,47.5591,-122.229,0,1
16110,1118000080,3/31/2015,1930000.0,4,4,3600,16101,1,0.0,0.0,3,9,1950_to_1975,98112,47.6308,-122.287,0,0
16122,5556300114,12/19/2014,1320000.0,3,2,2040,42693,1,0.0,2.0,3,10,1975_to_1997,98052,47.6479,-122.12,0,0
16170,1925059073,10/10/2014,1300000.0,5,2,2130,19180,1,0.0,0.0,3,8,1950_to_1975,98004,47.63800000000001,-122.213,0,1
16173,6117500460,6/30/2014,1310000.0,4,2,2680,12215,1,1.0,4.0,3,9,1950_to_1975,98166,47.4396,-122.353,0,1
16179,1725059136,11/21/2014,1820000.0,4,4,4510,12873,2,0.0,2.0,3,12,1997_to_2015,98033,47.6491,-122.20100000000001,0,0
16204,9522300010,3/31/2015,1490000.0,3,4,4560,14608,2,0.0,2.0,3,12,1975_to_1997,98034,47.6995,-122.228,0,0
16238,3760500280,10/14/2014,1950000.0,3,2,2510,12779,2,0.0,4.0,3,10,1950_to_1975,98034,47.6982,-122.23100000000001,0,0
16239,5315100277,5/13/2014,1400000.0,5,4,3530,7924,2,0.0,0.0,3,10,1997_to_2015,98040,47.5894,-122.243,0,0
16244,1652500010,3/26/2015,2330000.0,4,4,4420,20759,2,0.0,0.0,3,11,1997_to_2015,98004,47.6354,-122.221,0,0
16254,3025300250,5/13/2015,1620000.0,4,2,2350,17709,2,0.0,0.0,4,9,1975_to_1997,98039,47.6232,-122.236,0,0
16280,3528900086,5/8/2014,1310000.0,5,3,2800,3200,2,0.0,0.0,5,10,pre1950,98109,47.6421,-122.35,1,1
16287,1130000005,7/15/2014,1600000.0,3,2,3170,5000,2,0.0,0.0,5,10,1950_to_1975,98102,47.6349,-122.318,0,1
16288,7397300170,5/30/2014,3710000.0,4,4,5550,28078,2,0.0,2.0,4,12,1997_to_2015,98039,47.6395,-122.234,0,1
16321,191100275,9/26/2014,1350000.0,4,4,3500,9525,2,0.0,0.0,3,10,1997_to_2015,98040,47.5641,-122.221,0,0
16334,5700004040,9/5/2014,1500000.0,3,3,3990,8505,2,0.0,2.0,3,9,pre1950,98144,47.5744,-122.28299999999999,0,1
16345,2579500101,4/21/2015,1390000.0,4,4,4010,10880,2,0.0,3.0,4,11,1975_to_1997,98040,47.5359,-122.213,0,1
16375,9544200277,10/15/2014,1660000.0,4,3,4240,11189,2,0.0,2.0,3,10,1997_to_2015,98033,47.6526,-122.191,0,0
16378,3896100130,6/17/2014,1540000.0,3,2,2880,7599,1,0.0,2.0,3,9,1950_to_1975,98033,47.6938,-122.215,1,1
16416,715010130,2/2/2015,1750000.0,6,4,5860,13928,2,0.0,3.0,3,10,1997_to_2015,98006,47.5382,-122.11399999999999,0,1
16434,3885803044,9/2/2014,1880000.0,4,5,5810,7440,2,0.0,0.0,3,10,1997_to_2015,98033,47.6878,-122.212,0,1
16510,3303850290,4/9/2015,1400000.0,5,4,4700,22326,2,0.0,0.0,3,11,1997_to_2015,98006,47.5417,-122.111,0,0
16511,2025059026,2/25/2015,1980000.0,4,4,4500,44384,1,0.0,0.0,3,12,1975_to_1997,98004,47.6323,-122.19200000000001,0,1
16566,8081500050,3/2/2015,1810000.0,5,2,4250,20441,1,0.0,1.0,4,11,1975_to_1997,98004,47.6377,-122.211,0,1
16568,9103000715,11/12/2014,1350000.0,4,4,3600,5217,2,0.0,0.0,3,9,pre1950,98112,47.6189,-122.286,1,1
16574,1370800825,8/23/2014,1300000.0,4,2,2860,5658,2,0.0,3.0,3,10,pre1950,98199,47.6395,-122.40899999999999,0,1
16580,9106000005,5/27/2015,1310000.0,4,2,3750,5000,2,0.0,0.0,5,8,pre1950,98115,47.6747,-122.303,0,1
16600,7935000280,8/12/2014,2200000.0,5,3,5210,35765,2,0.0,4.0,5,10,pre1950,98136,47.5463,-122.397,0,1
16706,1338800425,3/4/2015,2140000.0,6,4,5110,7128,2,0.0,0.0,4,11,pre1950,98112,47.6285,-122.304,0,0
16715,4039800080,5/29/2014,1360000.0,5,4,5960,13703,2,0.0,2.0,3,10,1975_to_1997,98008,47.6151,-122.10700000000001,0,1
16727,629860010,4/29/2015,1350000.0,4,4,4640,9827,2,0.0,2.0,3,10,1997_to_2015,98027,47.5524,-122.07799999999999,0,1
16759,1630700380,1/30/2015,1920000.0,5,6,7730,230868,2,0.0,0.0,3,12,1997_to_2015,98077,47.7615,-122.084,0,1
16790,1068000255,8/27/2014,1650000.0,4,4,4285,9567,2,0.0,1.0,5,10,pre1950,98199,47.6434,-122.40899999999999,0,1
16803,825059178,9/23/2014,2570000.0,4,4,4475,20424,2,0.0,4.0,3,12,1997_to_2015,98033,47.6646,-122.208,0,1
16811,3025300095,10/9/2014,2500000.0,4,4,4300,19844,2,0.0,0.0,3,11,1975_to_1997,98039,47.6218,-122.23700000000001,0,0
16817,2798000020,8/15/2014,1400000.0,4,4,3560,16782,2,0.0,0.0,3,10,1997_to_2015,98040,47.5569,-122.225,0,1
16823,4441300170,1/12/2015,1300000.0,4,2,3110,11857,2,0.0,4.0,3,11,1975_to_1997,98117,47.6952,-122.402,0,1
16830,8823900290,3/17/2015,1400000.0,9,4,4620,5508,2,0.0,0.0,3,11,pre1950,98105,47.6684,-122.309,0,1
16919,6448000010,4/28/2015,1390000.0,4,2,2940,20384,2,0.0,0.0,4,9,1950_to_1975,98004,47.6214,-122.227,0,0
16930,3880900170,8/5/2014,2300000.0,4,2,3280,7100,2,0.0,4.0,3,10,pre1950,98119,47.6285,-122.36200000000001,0,1
16955,3025059093,7/29/2014,3100000.0,5,5,5090,23669,2,0.0,0.0,3,12,1997_to_2015,98004,47.6297,-122.21600000000001,0,0
16987,2525049259,8/12/2014,2190000.0,4,4,4240,13162,2,0.0,0.0,3,10,1997_to_2015,98039,47.6193,-122.229,0,0
17081,4217401365,12/10/2014,1480000.0,5,3,3680,10300,2,0.0,0.0,4,10,pre1950,98105,47.6548,-122.28,0,0
17123,1370803180,8/8/2014,1780000.0,3,3,3230,7800,2,0.0,3.0,3,10,1997_to_2015,98199,47.6348,-122.40299999999999,0,0
17128,191100235,6/3/2014,1300000.0,4,4,2790,10125,2,0.0,0.0,5,8,1975_to_1997,98040,47.5651,-122.22,0,0
17137,4107100190,3/24/2015,2500000.0,4,4,3480,14850,1,0.0,4.0,3,9,1950_to_1975,98004,47.6227,-122.21600000000001,1,1
17186,2524049108,5/12/2015,1380000.0,5,4,4050,18827,1,0.0,2.0,4,10,1975_to_1997,98040,47.5323,-122.23700000000001,0,1
17195,3025300225,10/31/2014,1450000.0,5,3,3090,19865,1,0.0,0.0,4,9,1950_to_1975,98039,47.6232,-122.235,0,0
17216,2470200020,5/14/2014,1880000.0,4,3,3260,19542,1,0.0,0.0,4,10,1950_to_1975,98039,47.6245,-122.236,0,1
17221,1338600225,5/28/2014,1970000.0,8,4,4440,6480,2,0.0,3.0,5,10,1950_to_1975,98112,47.631,-122.303,0,1
17226,1338800280,9/29/2014,1460000.0,4,2,2650,6900,2,0.0,0.0,4,9,pre1950,98112,47.6275,-122.305,0,1
17231,1235100328,2/25/2015,1450000.0,5,4,4070,11334,2,0.0,0.0,3,10,1997_to_2015,98033,47.6771,-122.18700000000001,0,0
17274,5316100920,7/25/2014,2250000.0,3,4,5150,7800,2,0.0,2.0,3,11,1950_to_1975,98112,47.6288,-122.28200000000001,0,1
17275,6813600605,1/28/2015,1350000.0,4,4,3420,7440,3,0.0,0.0,3,9,1997_to_2015,98103,47.6875,-122.33,0,0
17298,3585901025,6/13/2014,1740000.0,3,2,4310,32093,2,0.0,4.0,5,10,1975_to_1997,98177,47.7624,-122.38,0,1
17310,9809000010,1/6/2015,1630000.0,5,2,3090,16583,2,0.0,0.0,4,9,1950_to_1975,98004,47.6458,-122.21799999999999,0,0
17314,868001435,1/27/2015,2230000.0,3,3,3450,16740,1,0.0,4.0,4,9,pre1950,98177,47.7067,-122.38,0,1
17387,6819100020,5/29/2014,1430000.0,4,4,4960,6000,2,0.0,0.0,3,11,pre1950,98109,47.6437,-122.35600000000001,1,1
17393,9286730020,3/31/2015,1800000.0,5,3,3890,20005,1,0.0,0.0,3,10,1975_to_1997,98004,47.6312,-122.22399999999999,0,1
17398,4122900020,6/26/2014,1390000.0,4,3,4040,20001,1,0.0,0.0,3,9,1950_to_1975,98004,47.6408,-122.212,1,1
17445,3625700010,5/6/2014,1870000.0,5,4,4510,15175,2,0.0,0.0,3,10,1950_to_1975,98040,47.5309,-122.228,1,0
17456,8084900170,10/23/2014,1560000.0,5,3,3910,16200,1,0.0,0.0,4,9,1950_to_1975,98004,47.6326,-122.21700000000001,0,1
17544,7631800015,4/7/2015,2510000.0,3,3,5480,57990,2,1.0,4.0,3,11,1975_to_1997,98166,47.4558,-122.37100000000001,0,0
17555,1370800940,7/21/2014,1350000.0,3,2,2390,5500,1,0.0,3.0,3,9,1950_to_1975,98199,47.6389,-122.40899999999999,0,1
17582,1824079052,4/1/2015,1650000.0,4,3,4200,210394,2,0.0,0.0,4,10,1975_to_1997,98024,47.5607,-121.961,0,0
17633,3754501240,2/6/2015,1550000.0,3,4,5120,4600,3,0.0,2.0,3,11,1997_to_2015,98034,47.7052,-122.223,0,1
17665,3585901085,6/4/2014,2010000.0,6,4,3810,28176,1,0.0,4.0,5,10,1950_to_1975,98177,47.7612,-122.381,0,0
17676,856001130,2/23/2015,1360000.0,4,2,3560,8960,2,0.0,0.0,3,10,1997_to_2015,98033,47.6903,-122.213,0,0
17709,7576700150,10/1/2014,1330000.0,3,2,2360,5504,2,0.0,0.0,4,8,pre1950,98122,47.617,-122.288,0,1
17742,4139900210,6/20/2014,1320000.0,4,4,4410,36200,2,0.0,0.0,3,11,1975_to_1997,98006,47.5487,-122.126,0,0
17753,7352200450,1/15/2015,2050000.0,4,3,3580,19989,2,1.0,4.0,4,7,pre1950,98125,47.7087,-122.27600000000001,0,1
17824,3024059057,5/1/2015,1650000.0,4,4,5550,16065,2,0.0,0.0,3,9,1997_to_2015,98040,47.5455,-122.214,0,1
17830,9528105305,1/21/2015,1380000.0,4,4,3130,4500,2,0.0,0.0,3,9,1997_to_2015,98103,47.677,-122.33,0,1
17885,3262300555,7/8/2014,2460000.0,4,5,6500,14986,2,0.0,0.0,3,11,1997_to_2015,98039,47.6304,-122.236,0,1
17888,3761100180,9/17/2014,1600000.0,4,2,2980,13341,2,1.0,4.0,5,8,pre1950,98034,47.70399999999999,-122.245,0,1
17916,3625049079,8/1/2014,1350000.0,3,2,2070,9600,1,0.0,1.0,3,7,pre1950,98039,47.61600000000001,-122.23899999999999,0,1
17927,8081020330,7/29/2014,1320000.0,4,3,3470,11843,1,0.0,3.0,3,11,1975_to_1997,98006,47.5513,-122.135,0,1
17966,46100504,6/17/2014,2030000.0,4,4,4100,22798,2,0.0,3.0,5,11,pre1950,98040,47.5648,-122.21,0,1
17981,1346300035,6/26/2014,1990000.0,5,3,4480,5000,2,0.0,0.0,5,12,pre1950,98112,47.6275,-122.315,0,1
17990,1438700040,8/25/2014,1320000.0,5,3,2410,19447,2,0.0,2.0,3,10,1950_to_1975,98040,47.5549,-122.211,0,1
17991,5494000040,12/1/2014,1440000.0,4,3,2660,9547,1,0.0,1.0,3,8,1950_to_1975,98004,47.61600000000001,-122.21799999999999,1,1
18055,1561600056,10/17/2014,1740000.0,4,4,4010,9654,2,0.0,0.0,3,10,1997_to_2015,98004,47.5891,-122.2,0,0
18061,5457800930,6/13/2014,1700000.0,2,2,3170,3000,2,0.0,2.0,5,10,pre1950,98109,47.6291,-122.351,0,1
18087,6648150040,5/13/2014,1680000.0,5,3,4860,23723,2,0.0,2.0,4,11,1975_to_1997,98040,47.5767,-122.215,0,1
18132,8106100085,5/9/2014,1700000.0,5,4,5190,23716,2,0.0,2.0,3,11,1975_to_1997,98040,47.5846,-122.223,0,1
18185,3625059152,12/30/2014,3300000.0,3,3,4220,41300,1,1.0,4.0,4,11,1950_to_1975,98008,47.6083,-122.11,0,1
18188,3204300455,8/22/2014,1390000.0,3,2,2930,6000,2,0.0,2.0,3,11,1997_to_2015,98112,47.6301,-122.301,0,1
18192,9471200065,10/15/2014,1860000.0,5,3,5570,9600,2,0.0,0.0,5,9,1950_to_1975,98105,47.6708,-122.262,0,1
18194,2579500110,7/1/2014,2370000.0,3,2,3530,17450,1,0.0,3.0,3,9,pre1950,98040,47.5358,-122.213,0,1
18212,1176001293,6/17/2014,2480000.0,3,3,4340,4947,2,0.0,3.0,3,11,1975_to_1997,98107,47.6709,-122.406,0,1
18242,2225039103,6/26/2014,1390000.0,3,3,2480,5500,2,0.0,3.0,3,10,pre1950,98199,47.6466,-122.404,1,1
18252,9286000110,8/14/2014,1360000.0,5,4,4960,13990,2,0.0,2.0,3,11,1997_to_2015,98006,47.5491,-122.137,0,1
18273,1524079188,7/29/2014,1860000.0,4,5,5240,320917,2,0.0,2.0,3,10,1997_to_2015,98024,47.5605,-121.905,0,0
18288,6072800246,7/2/2014,3300000.0,5,6,8020,21738,2,0.0,0.0,3,11,1997_to_2015,98006,47.5675,-122.189,0,0
18314,5317100750,7/11/2014,2920000.0,4,5,4575,24085,2,0.0,2.0,5,10,pre1950,98112,47.6263,-122.28399999999999,0,1
18367,7923250090,3/10/2015,1500000.0,3,3,3110,9015,1,0.0,4.0,4,10,1975_to_1997,98033,47.6624,-122.20200000000001,0,1
18394,2397101606,12/8/2014,2630000.0,6,5,5540,7200,2,0.0,2.0,4,11,pre1950,98119,47.6361,-122.366,0,1
18412,4139900120,6/5/2014,1420000.0,4,5,4670,43950,2,0.0,0.0,3,12,1975_to_1997,98006,47.5456,-122.126,0,0
18417,6448000100,6/17/2014,1730000.0,4,3,3700,20570,1,0.0,0.0,4,10,1975_to_1997,98004,47.6212,-122.22399999999999,0,1
18440,8043700300,6/8/2014,2700000.0,4,3,4420,7850,2,1.0,4.0,3,11,1997_to_2015,98008,47.571999999999996,-122.102,0,1
18462,1346300150,10/20/2014,3300000.0,8,4,7710,11750,4,0.0,0.0,5,12,pre1950,98112,47.6263,-122.314,0,1
18467,4389201095,5/11/2015,3650000.0,5,4,5020,8694,2,0.0,1.0,3,12,1997_to_2015,98004,47.6146,-122.213,0,1
18496,8964800975,7/31/2014,1650000.0,4,3,3190,14904,1,0.0,3.0,4,9,pre1950,98004,47.6178,-122.214,0,1
18504,3760500455,2/24/2015,1450000.0,3,4,4110,15720,1,0.0,1.0,3,10,1997_to_2015,98034,47.6996,-122.229,0,1
18541,6613000930,9/2/2014,2950000.0,4,3,3890,25470,2,1.0,3.0,5,10,pre1950,98105,47.6608,-122.26899999999999,0,1
18591,9533600100,12/8/2014,1320000.0,4,3,2860,10292,1,0.0,0.0,4,8,1950_to_1975,98004,47.6286,-122.206,0,0
18613,5318100965,2/17/2015,1600000.0,4,4,3890,3600,2,0.0,0.0,3,9,1997_to_2015,98112,47.6342,-122.28200000000001,0,1
18616,1337800665,8/11/2014,1330000.0,4,3,2850,4800,2,0.0,0.0,5,10,pre1950,98112,47.6292,-122.31200000000001,0,0
18640,9829201020,11/18/2014,1390000.0,3,1,2400,6653,3,0.0,2.0,3,11,1975_to_1997,98122,47.6019,-122.29,0,0
18753,1959701800,7/2/2014,2150000.0,3,4,4660,5500,2,0.0,4.0,5,10,pre1950,98102,47.6465,-122.319,0,1
18776,1925069066,6/23/2014,1700000.0,3,3,2810,18731,2,1.0,4.0,4,10,1950_to_1975,98052,47.6361,-122.09299999999999,0,0
18778,2525049263,7/9/2014,2680000.0,5,3,4290,20445,2,0.0,0.0,4,11,1975_to_1997,98039,47.6217,-122.23899999999999,0,0
18813,1455100355,7/8/2014,1680000.0,3,2,3490,8343,2,1.0,4.0,4,9,pre1950,98125,47.7265,-122.281,0,1
18846,3931900580,3/13/2015,1390000.0,4,4,3130,3900,2,0.0,0.0,3,9,1997_to_2015,98115,47.6849,-122.32700000000001,0,1
18851,2175100205,3/23/2015,1300000.0,5,2,2690,10800,1,0.0,3.0,4,8,1950_to_1975,98040,47.5821,-122.24700000000001,0,1
18860,4389201241,12/30/2014,1950000.0,4,4,4690,6900,2,0.0,0.0,3,11,1997_to_2015,98004,47.6165,-122.21600000000001,0,1
18861,9808700025,2/11/2015,1500000.0,3,2,1910,21374,1,0.0,0.0,1,8,1950_to_1975,98004,47.6453,-122.214,0,0
18867,4218400455,7/8/2014,2180000.0,6,3,4710,11000,2,0.0,3.0,3,10,pre1950,98105,47.6622,-122.272,0,1
18877,5427100150,6/26/2014,1410000.0,4,2,3250,16684,2,0.0,0.0,3,9,1975_to_1997,98039,47.6334,-122.229,0,0
18897,2425049066,6/16/2014,1920000.0,4,2,3070,34412,1,0.0,3.0,4,9,pre1950,98039,47.64,-122.24,0,1
18899,9253900408,4/8/2015,1400000.0,3,3,3130,19530,1,1.0,4.0,3,8,pre1950,98008,47.5895,-122.111,0,1
18976,7856400300,7/2/2014,1410000.0,2,2,3180,9400,2,0.0,4.0,5,10,1975_to_1997,98006,47.5617,-122.15799999999999,0,1
18977,7856400300,3/22/2015,1510000.0,2,2,3180,9400,2,0.0,4.0,5,10,1975_to_1997,98006,47.5617,-122.15799999999999,0,1
19002,2303900100,9/11/2014,3800000.0,3,4,5510,35000,2,0.0,4.0,3,13,1975_to_1997,98177,47.7296,-122.37,0,1
19053,6613001241,8/11/2014,1420000.0,4,3,3110,4408,2,0.0,3.0,4,10,pre1950,98105,47.6583,-122.27,0,1
19133,3625049042,10/11/2014,3640000.0,5,6,5490,19897,2,0.0,0.0,3,12,1997_to_2015,98039,47.6165,-122.236,0,0
19200,4131900042,5/16/2014,2000000.0,5,4,6490,10862,2,0.0,3.0,4,11,1975_to_1997,98040,47.5728,-122.205,0,1
19221,2525049086,10/3/2014,2720000.0,4,3,3990,18115,2,0.0,0.0,4,11,1975_to_1997,98039,47.6177,-122.229,0,0
19255,6613000375,3/17/2015,1550000.0,4,4,3260,5000,2,0.0,0.0,5,9,pre1950,98105,47.6598,-122.273,0,1
19257,1337300145,7/21/2014,1800000.0,4,2,3320,8325,2,0.0,0.0,5,10,pre1950,98112,47.6263,-122.314,0,0
19261,2397100705,7/14/2014,1520000.0,4,4,3650,5328,2,0.0,0.0,3,9,pre1950,98119,47.63800000000001,-122.36200000000001,1,1
19282,856000985,11/6/2014,1430000.0,4,2,2910,7364,2,0.0,0.0,3,10,1997_to_2015,98033,47.6906,-122.213,0,0
19308,5553300375,8/20/2014,2160000.0,3,4,3080,6495,2,0.0,3.0,3,11,1975_to_1997,98199,47.6321,-122.39299999999999,1,1
19319,3892500150,5/21/2014,1550000.0,3,2,4460,26027,2,0.0,0.0,3,12,1975_to_1997,98033,47.6573,-122.17299999999999,0,0
19336,2525049113,7/25/2014,1950000.0,4,4,4065,18713,2,0.0,0.0,4,10,1975_to_1997,98039,47.6209,-122.23700000000001,0,0
19342,3585300194,3/24/2015,1400000.0,5,3,4140,32700,1,0.0,4.0,3,10,1950_to_1975,98177,47.7633,-122.369,0,1
19418,3528900330,7/7/2014,1450000.0,4,3,3770,4103,2,0.0,0.0,5,9,pre1950,98109,47.64100000000001,-122.34899999999999,0,1
19431,3303850330,12/16/2014,1900000.0,4,3,5080,27755,2,0.0,0.0,3,11,1997_to_2015,98006,47.5423,-122.111,0,0
19450,2397101185,3/3/2015,1500000.0,5,4,3520,5400,2,0.0,0.0,3,9,1997_to_2015,98119,47.6364,-122.363,0,1
19455,2566300100,3/27/2015,1390000.0,5,2,2650,11340,1,0.0,0.0,3,8,1950_to_1975,98004,47.62600000000001,-122.213,0,0
19468,6072800265,8/13/2014,2400000.0,4,3,3800,19798,2,0.0,0.0,3,10,1950_to_1975,98006,47.5684,-122.19,1,0
19513,1651500040,8/1/2014,1980000.0,4,4,4360,12081,2,0.0,0.0,3,10,1997_to_2015,98004,47.6377,-122.219,0,0
19546,3271800910,7/1/2014,1360000.0,4,4,4270,5800,2,0.0,3.0,5,10,pre1950,98199,47.6474,-122.411,0,1
19548,1625069101,7/7/2014,1360000.0,4,3,5430,108900,2,0.0,0.0,4,10,1975_to_1997,98053,47.6582,-122.038,0,0
19584,284000025,4/20/2015,1410000.0,2,2,2180,18525,1,1.0,4.0,5,9,1950_to_1975,98146,47.5036,-122.387,0,0
19651,9831200172,2/27/2015,1450000.0,4,4,2860,2199,3,0.0,0.0,3,10,1997_to_2015,98102,47.6262,-122.323,0,0
19665,1266200140,5/6/2015,1850000.0,4,3,4160,10335,2,0.0,0.0,3,10,1997_to_2015,98004,47.6235,-122.19200000000001,0,0
19668,1973700030,4/29/2015,2210000.0,3,2,3430,10177,2,0.0,0.0,3,10,1997_to_2015,98034,47.7159,-122.251,0,0
19692,7324900016,10/21/2014,1450000.0,5,4,4170,9090,2,0.0,0.0,3,10,1997_to_2015,98004,47.5918,-122.196,0,0
19709,4083306045,10/29/2014,1380000.0,5,4,3330,5042,2,0.0,2.0,3,9,1997_to_2015,98103,47.6497,-122.339,0,1
19720,3616600003,3/2/2015,1680000.0,3,2,4090,16972,2,0.0,2.0,3,11,1997_to_2015,98177,47.7258,-122.37,0,1
19742,9831200159,8/6/2014,2250000.0,3,3,3890,3452,2,0.0,0.0,3,12,1997_to_2015,98102,47.62600000000001,-122.323,0,1
19748,7430200060,4/24/2015,1580000.0,4,4,5610,11063,3,0.0,0.0,3,11,1997_to_2015,98074,47.65,-122.065,0,1
19761,8084900160,2/12/2015,2640000.0,5,4,4660,16200,2,0.0,2.0,3,11,1997_to_2015,98004,47.6326,-122.21600000000001,0,0
19798,3758900075,5/7/2014,1530000.0,5,4,4270,8076,2,0.0,0.0,3,11,1997_to_2015,98033,47.699,-122.206,0,1
19807,8085400376,4/21/2015,2320000.0,4,4,5050,9520,2,0.0,0.0,3,11,1997_to_2015,98004,47.6364,-122.209,0,1
19832,4100500070,5/27/2014,1710000.0,5,4,4590,14685,2,0.0,0.0,3,10,1997_to_2015,98033,47.663999999999994,-122.2,0,0
19842,2524069078,1/22/2015,2700000.0,4,4,7850,89651,2,0.0,0.0,3,12,1997_to_2015,98027,47.5406,-121.98200000000001,0,0
19879,2579500181,4/7/2015,1330000.0,4,4,3440,9776,2,0.0,0.0,3,10,1997_to_2015,98040,47.5374,-122.21600000000001,0,0
19912,6600000217,4/3/2015,1600000.0,4,4,4645,7757,2,0.0,0.0,3,10,1997_to_2015,98112,47.6248,-122.29,0,1
19940,2311400195,3/3/2015,1560000.0,5,4,3630,8100,2,0.0,0.0,3,10,1997_to_2015,98004,47.5951,-122.2,0,0
19945,5078400215,7/30/2014,1700000.0,5,5,3940,7067,2,0.0,0.0,3,10,1997_to_2015,98004,47.6232,-122.205,0,1
19968,2025069140,3/17/2015,1900000.0,3,2,2830,4334,3,1.0,4.0,3,10,1997_to_2015,98074,47.6318,-122.071,0,0
19970,9551201240,10/30/2014,1470000.0,4,2,2800,4000,2,0.0,0.0,3,9,1997_to_2015,98103,47.6695,-122.339,0,0
19989,148000475,5/28/2014,1400000.0,4,3,4700,9160,1,0.0,0.0,3,11,1997_to_2015,98116,47.5744,-122.406,0,1
19994,856000195,5/21/2014,2700000.0,5,5,5305,8401,2,0.0,2.0,3,11,1997_to_2015,98033,47.6864,-122.215,0,1
20076,250000090,7/14/2014,1750000.0,4,4,4650,7660,2,0.0,0.0,3,11,1997_to_2015,98004,47.6349,-122.198,0,1
20080,3262300485,4/21/2015,2250000.0,5,5,3410,8118,2,0.0,0.0,3,11,1997_to_2015,98039,47.6295,-122.236,0,0
20128,5021900635,10/28/2014,1580000.0,3,2,3620,14250,2,0.0,0.0,3,8,1997_to_2015,98040,47.5767,-122.225,0,1
20136,8920100066,8/20/2014,1480000.0,4,4,5220,15411,2,0.0,3.0,3,11,1997_to_2015,98075,47.592,-122.085,0,1
20138,1176001310,3/4/2015,2950000.0,5,4,4340,5722,3,0.0,4.0,3,10,1997_to_2015,98107,47.6715,-122.406,0,0
20152,250000010,9/24/2014,1750000.0,4,4,3845,8400,2,0.0,0.0,3,10,1997_to_2015,98004,47.6354,-122.198,0,0
20158,1424069056,8/5/2014,1350000.0,4,4,4100,61419,2,0.0,0.0,3,9,1997_to_2015,98029,47.5626,-122.005,0,0
20168,4221900305,1/21/2015,1310000.0,3,3,4030,6300,2,0.0,0.0,3,10,1997_to_2015,98105,47.6664,-122.27600000000001,0,1
20208,3893100462,2/25/2015,1790000.0,5,4,4360,8504,2,0.0,4.0,3,10,1997_to_2015,98033,47.6936,-122.19,0,1
20217,5710000005,5/22/2014,2150000.0,4,6,5060,10320,2,0.0,0.0,3,11,1997_to_2015,98004,47.6245,-122.21,0,0
20228,5317100294,11/13/2014,1330000.0,4,4,3130,5126,3,0.0,0.0,3,10,1997_to_2015,98112,47.6239,-122.29,0,1
20231,856000635,3/23/2015,2230000.0,4,4,4700,10800,2,0.0,1.0,3,11,1997_to_2015,98033,47.6882,-122.214,0,1
20236,8563010130,7/25/2014,1300000.0,3,2,3350,7752,1,0.0,0.0,3,9,1997_to_2015,98008,47.6263,-122.09899999999999,0,1
20241,8924100372,4/23/2015,1300000.0,4,4,3590,5334,2,0.0,2.0,3,9,1997_to_2015,98115,47.6763,-122.26700000000001,0,1
20279,251500080,8/26/2014,3200000.0,4,4,4810,18851,2,0.0,3.0,3,11,1997_to_2015,98004,47.6364,-122.214,0,0
20309,518500480,8/11/2014,3000000.0,3,4,4410,10756,2,1.0,4.0,3,11,1997_to_2015,98056,47.5283,-122.205,0,1
20310,1725059127,2/25/2015,2350000.0,6,4,5550,11547,2,0.0,2.0,3,11,1997_to_2015,98033,47.6547,-122.20200000000001,0,1
20324,6389970010,3/23/2015,1360000.0,4,4,4120,12626,2,0.0,1.0,3,11,1997_to_2015,98034,47.7089,-122.245,0,1
20326,1489300005,8/1/2014,1600000.0,5,4,4270,7500,2,0.0,0.0,3,10,1997_to_2015,98033,47.6845,-122.20700000000001,0,1
20329,5608000010,8/11/2014,1390000.0,4,4,4010,15365,2,0.0,1.0,3,11,1997_to_2015,98027,47.5528,-122.09299999999999,0,0
20353,4385700250,4/7/2015,1800000.0,4,4,3480,4000,2,0.0,0.0,3,9,1997_to_2015,98112,47.6356,-122.281,0,1
20425,1925059254,5/7/2015,3000000.0,5,4,6670,16481,2,0.0,0.0,3,12,1997_to_2015,98004,47.6409,-122.221,0,1
20436,1125079111,4/15/2015,1600000.0,4,6,6530,871200,2,0.0,2.0,3,11,1997_to_2015,98014,47.663999999999994,-121.87799999999999,0,0
20444,9808100150,4/2/2015,3350000.0,5,4,5350,15360,1,0.0,1.0,3,11,1997_to_2015,98004,47.648,-122.21799999999999,0,1
20455,323079101,1/23/2015,1800000.0,4,4,6370,205603,2,0.0,0.0,3,12,1997_to_2015,98027,47.5016,-121.905,0,0
20484,2311400145,10/29/2014,1700000.0,4,4,3320,8234,2,0.0,0.0,3,10,1997_to_2015,98004,47.5963,-122.2,0,0
20502,3232200085,4/28/2015,1500000.0,6,4,3670,3959,2,0.0,0.0,3,10,1997_to_2015,98119,47.6356,-122.37299999999999,0,1
20511,8085400401,1/15/2015,1900000.0,4,4,4020,9656,2,0.0,0.0,3,10,1997_to_2015,98004,47.6358,-122.20700000000001,0,0
20519,1370800515,10/30/2014,2950000.0,4,4,4470,5884,2,0.0,1.0,3,11,1997_to_2015,98199,47.6387,-122.405,0,1
20553,8895800110,8/5/2014,1300000.0,5,4,3870,5929,2,0.0,0.0,3,10,1997_to_2015,98052,47.6965,-122.134,0,0
20607,1832100055,6/30/2014,1510000.0,5,3,4390,11250,2,0.0,0.0,3,10,1997_to_2015,98040,47.5785,-122.225,0,0
20648,4139300135,7/9/2014,2320000.0,5,5,5780,17004,2,0.0,0.0,3,11,1997_to_2015,98040,47.5802,-122.212,0,1
20687,5167000140,7/11/2014,1480000.0,3,3,3700,2264,2,0.0,0.0,3,11,1997_to_2015,98033,47.6653,-122.205,0,1
20751,8043700105,4/17/2015,2300000.0,4,4,4360,8175,2,1.0,4.0,3,10,1997_to_2015,98008,47.5724,-122.104,0,1
20797,9301300270,2/23/2015,1330000.0,3,3,3180,2758,2,0.0,2.0,3,11,1997_to_2015,98109,47.6377,-122.34200000000001,0,1
20807,7582700075,10/2/2014,1490000.0,4,4,3930,6120,2,0.0,0.0,3,10,1997_to_2015,98105,47.6646,-122.28,0,1
20808,191100435,9/26/2014,1600000.0,5,4,3570,10125,2,0.0,0.0,3,10,1997_to_2015,98040,47.5639,-122.223,0,0
20812,357000135,2/18/2015,1900000.0,4,2,3070,7830,2,0.0,2.0,3,11,1997_to_2015,98144,47.593,-122.291,0,1
20814,715010140,10/2/2014,1750000.0,5,3,5790,12739,2,0.0,3.0,3,10,1997_to_2015,98006,47.538000000000004,-122.11399999999999,0,1
20881,3860900035,4/15/2015,1940000.0,5,4,4230,16526,2,0.0,0.0,3,10,1997_to_2015,98004,47.5933,-122.199,0,0
20904,2124069115,10/21/2014,1830000.0,4,4,4500,215186,2,0.0,3.0,3,11,1997_to_2015,98029,47.559,-122.045,0,1
20917,2652501565,4/23/2015,1550000.0,3,3,3530,4920,2,0.0,0.0,3,9,1997_to_2015,98109,47.64100000000001,-122.35700000000001,0,1
20923,1778500620,7/7/2014,1300000.0,4,2,2360,4000,2,0.0,0.0,3,9,1997_to_2015,98112,47.6198,-122.289,0,0
21024,6447300365,11/13/2014,2900000.0,5,4,5190,14600,2,0.0,1.0,3,11,1997_to_2015,98039,47.6102,-122.225,0,0
21125,8923600020,8/6/2014,1880000.0,5,4,4390,6220,2,0.0,3.0,3,9,1997_to_2015,98115,47.6789,-122.273,0,1
21132,524059063,5/6/2014,1800000.0,5,5,4490,10279,2,0.0,0.0,3,10,1997_to_2015,98004,47.5974,-122.20200000000001,0,1
21134,1692900095,6/18/2014,1400000.0,4,3,3870,10046,2,0.0,0.0,3,11,1997_to_2015,98033,47.6651,-122.191,0,0
21150,4457300005,3/25/2015,1840000.0,4,3,4140,11007,2,0.0,0.0,3,10,1997_to_2015,98040,47.5707,-122.21700000000001,0,0
21185,518500460,10/8/2014,2230000.0,3,4,3760,5634,2,1.0,4.0,3,11,1997_to_2015,98056,47.5285,-122.205,0,1
21294,2154970020,7/3/2014,2350000.0,4,4,5010,19412,2,0.0,1.0,3,11,1997_to_2015,98040,47.5455,-122.211,0,1
21300,6600000050,3/10/2015,1700000.0,4,4,3950,6240,2,0.0,0.0,3,11,1997_to_2015,98112,47.6221,-122.29,0,0
21305,2387600010,3/3/2015,1350000.0,4,4,4680,12495,2,0.0,0.0,3,10,1997_to_2015,98033,47.6984,-122.206,0,1
21307,9402800005,10/28/2014,1500000.0,3,4,3530,3610,2,0.0,0.0,3,10,1997_to_2015,98103,47.6857,-122.339,0,1
21317,2424059174,5/8/2015,2000000.0,4,3,5640,35006,2,0.0,2.0,3,11,1997_to_2015,98006,47.5491,-122.104,0,1
21328,8835770170,8/22/2014,1490000.0,5,6,6880,279968,2,0.0,3.0,3,12,1997_to_2015,98045,47.4624,-121.779,0,1
21352,9533100285,6/30/2014,2070000.0,4,4,4350,7965,2,0.0,0.0,3,10,1997_to_2015,98004,47.6289,-122.205,0,0
21367,644000115,9/23/2014,1770000.0,4,3,3980,10249,2,0.0,0.0,3,10,1997_to_2015,98004,47.5873,-122.196,0,0
21451,2311400056,12/1/2014,1990000.0,5,4,5230,8960,2,0.0,0.0,3,11,1997_to_2015,98004,47.5964,-122.20100000000001,0,1
21457,8085400586,11/1/2014,1750000.0,4,3,3560,8975,2,0.0,0.0,3,10,1997_to_2015,98004,47.6322,-122.209,0,0
21469,1088100450,7/25/2014,1720000.0,5,4,4590,35046,2,0.0,0.0,3,10,1997_to_2015,98033,47.6647,-122.16,0,0
21470,98300230,4/28/2015,1460000.0,4,4,4620,130208,2,0.0,0.0,3,10,1997_to_2015,98024,47.5885,-121.939,0,0
21489,9468200109,6/17/2014,1560000.0,3,4,4360,6240,2,0.0,3.0,3,10,1997_to_2015,98103,47.6791,-122.354,0,1
21490,2524069097,5/9/2014,2240000.0,5,6,7270,130017,2,0.0,0.0,3,12,1997_to_2015,98027,47.5371,-121.98200000000001,0,1
21498,3262300818,2/27/2015,1870000.0,4,4,3790,8797,2,0.0,0.0,3,11,1997_to_2015,98039,47.6351,-122.236,0,1
21504,7237550100,8/25/2014,1410000.0,4,4,4920,50621,2,0.0,0.0,3,10,1997_to_2015,98053,47.6575,-122.006,0,1
21505,7430500110,12/9/2014,1380000.0,5,4,5150,12230,2,0.0,2.0,3,10,1997_to_2015,98008,47.6249,-122.09,0,1
21509,2625069038,11/24/2014,1450000.0,4,4,4300,108865,2,0.0,0.0,3,11,1997_to_2015,98074,47.6258,-122.005,0,0
21514,8964800330,4/7/2015,3000000.0,4,4,5090,14823,1,0.0,0.0,3,11,1997_to_2015,98004,47.62,-122.20700000000001,0,1
21516,324069112,6/17/2014,1330000.0,4,4,4420,16526,2,0.0,0.0,3,11,1997_to_2015,98075,47.5914,-122.027,0,0
21524,715010530,1/13/2015,1880000.0,5,4,4410,13000,2,0.0,3.0,3,10,1997_to_2015,98006,47.5382,-122.111,0,1
21535,1561750040,12/24/2014,1380000.0,5,4,4350,13405,2,0.0,0.0,3,11,1997_to_2015,98074,47.6018,-122.06,0,0
21552,524059330,1/30/2015,1700000.0,4,4,3830,8963,2,0.0,0.0,3,10,1997_to_2015,98004,47.599,-122.197,0,1
21560,9253900271,1/7/2015,3570000.0,5,4,4850,10584,2,1.0,4.0,3,10,1997_to_2015,98008,47.5943,-122.11,0,1
21581,191100405,4/21/2015,1580000.0,4,3,3410,10125,2,0.0,0.0,3,10,1997_to_2015,98040,47.5653,-122.223,0,0
21584,249000205,10/15/2014,1540000.0,5,4,4470,8088,2,0.0,0.0,3,11,1997_to_2015,98004,47.6321,-122.2,0,0
